id,value,timestamp
1,1023,5084
1,1023,5105
1,1023,5125
1,1023,5145
1,1023,5168
1,1023,5188
1,1023,5209
1,1023,5229
1,1023,5249
1,1023,5270
1,1023,5290
1,1023,5312
1,1023,5333
1,1023,5353
1,1023,5375
1,1023,5395
1,1023,5415
1,1023,5435
1,1023,5455
1,1023,5475
1,1023,5495
1,1023,5515
1,1023,5535
1,1023,5557
1,1023,5577
1,1022,5597
1,1023,5617
1,1023,5637
1,1023,5657
1,1023,5677
1,1023,5698
1,1023,5719
1,1023,5739
1,1023,5760
1,1023,5781
1,1023,5802
1,1023,5823
1,1023,5844
1,1023,5865
1,1023,5886
1,1023,5906
1,1023,5927
1,1023,5948
1,1023,5969
1,1023,5990
1,1023,6011
1,1023,6032
1,1023,6054
1,1023,6075
1,1023,6096
1,1023,6117
1,1023,6138
1,1023,6160
1,1023,6181
1,1023,6202
1,1023,6223
1,1023,6244
1,1023,6265
1,1023,6287
1,1023,6308
1,1023,6330
1,1023,6351
1,1023,6372
1,1023,6393
1,1023,6414
1,1023,6435
1,1023,6456
1,1023,6477
1,1023,6498
1,1023,6519
1,1023,6540
1,1023,6562
1,1023,6584
1,1023,6606
1,1023,6628
1,1023,6650
1,1023,6671
1,1023,6692
1,1023,6713
1,1023,6734
1,1023,6756
1,1023,6777
1,1023,6800
1,1023,6822
1,1023,6844
1,1023,6865
1,1023,6886
1,1022,6907
1,1022,6928
1,1023,6951
1,1023,6973
1,1023,6995
1,1023,7016
1,1023,7038
1,1023,7060
1,1023,7081
1,1023,7102
1,1023,7124
1,1023,7146
1,1023,7167
1,1023,7188
1,1023,7210
1,1023,7231
1,1023,7253
1,1022,7275
1,910,7297
1,762,7320
1,716,7342
1,684,7363
1,658,7387
1,628,7410
1,600,7431
1,564,7454
1,536,7475
1,517,7497
1,490,7518
1,481,7541
1,469,7563
1,465,7585
1,458,7607
1,453,7629
1,453,7651
1,455,7672
1,456,7694
1,454,7718
1,452,7739
1,453,7761
1,454,7784
1,458,7807
1,458,7830
1,456,7852
1,455,7875
1,456,7897
1,467,7919
1,518,7942
1,649,7964
1,954,7988
1,1023,8010
1,1023,8032
1,1023,8054
1,1023,8076
1,1023,8098
1,1023,8120
1,1023,8142
1,1023,8166
1,1023,8188
1,1023,8211
1,1023,8234
1,1023,8256
1,1023,8278
1,1023,8300
1,1023,8323
1,1023,8345
1,1023,8368
1,1023,8390
1,1023,8413
1,1023,8436
1,1023,8458
1,1023,8480
1,1023,8502
1,1023,8525
1,1023,8549
1,1023,8572
1,1023,8596
1,1023,8620
1,1023,8642
1,1023,8667
1,1023,8689
1,1023,8712
1,1023,8734
1,1023,8757
1,1023,8781
1,1023,8803
1,1023,8825
1,1023,8849
1,1023,8871
1,1022,8895
1,1023,8920
1,1023,8943
1,1023,8965
1,1023,8988
1,1023,9011
1,1023,9033
1,1023,9056
1,1023,9079
1,1023,9101
1,1023,9124
1,1023,9146
1,1023,9170
1,1023,9193
1,1023,9216
1,1023,9239
1,1023,9263
1,1023,9285
1,1023,9309
1,1023,9331
1,1023,9354
1,1023,9378
1,1023,9402
1,1023,9425
1,1023,9447
1,1023,9470
1,1023,9494
1,1023,9516
1,1023,9539
1,1023,9562
1,1023,9584
1,1023,9608
1,1023,9630
1,1023,9653
1,1023,9676
1,1023,9699
1,1023,9723
1,1023,9746
1,1023,9768
1,1023,9793
1,1023,9816
1,1023,9840
1,1023,9862
1,1023,9885
1,1023,9908
1,1023,9930
1,1023,9953
1,1023,9977
1,1023,10000
1,1023,10023
1,1023,10046
1,1023,10069
1,1023,10093
1,1023,10115
1,1023,10139
1,1023,10162
1,1023,10186
1,1023,10210
1,1023,10232
1,1023,10255
1,1023,10279
1,1023,10302
1,1023,10326
1,1023,10350
1,1023,10373
1,1023,10397
1,1023,10422
1,1023,10445
1,1023,10467
1,1023,10491
1,1023,10515
1,1023,10540
1,1023,10564
1,1023,10588
1,1023,10613
1,1023,10636
1,1023,10661
1,1023,10683
1,1023,10707
1,1023,10729
1,1023,10752
1,1023,10776
1,1023,10801
1,1023,10824
1,1023,10848
1,1023,10870
1,1023,10895
1,1023,10920
1,1023,10943
1,1023,10967
1,1023,10992
1,1023,11015
1,1023,11040
1,1023,11065
1,1023,11091
1,1023,11114
1,1023,11137
1,1023,11160
1,1023,11185
1,1023,11208
1,1023,11232
1,1023,11257
1,1023,11280
1,1023,11303
1,1023,11326
1,1023,11349
1,1023,11373
1,1023,11399
1,1023,11422
1,1023,11445
1,1023,11469
1,1023,11493
1,1023,11518
1,1023,11542
1,1023,11566
1,1023,11589
1,1023,11613
1,1023,11637
1,1023,11659
1,1023,11683
1,1023,11708
1,1023,11731
1,1022,11756
1,1023,11780
1,1023,11803
1,1023,11828
1,1023,11852
1,1023,11875
1,1023,11900
1,1023,11924
1,1023,11948
1,1023,11971
1,1023,11994
1,1023,12018
1,1023,12043
1,1023,12066
1,1023,12091
1,1023,12116
1,1023,12139
1,1023,12164
1,1023,12189
1,1023,12213
1,1023,12238
1,1023,12263
1,1023,12287
1,1023,12312
1,1023,12337
1,1023,12363
1,1023,12387
1,1023,12412
1,1023,12437
1,1023,12461
1,1023,12485
1,1023,12510
1,1023,12533
1,1023,12556
1,1023,12581
1,1023,12607
1,1023,12631
1,1023,12655
1,1023,12681
1,1023,12706
1,1023,12732
1,1023,12755
1,1023,12778
1,1023,12802
1,1023,12829
1,1023,12854
1,1023,12881
1,1023,12904
1,1023,12927
1,1023,12953
1,1023,12978
1,1023,13001
1,1023,13027
1,1023,13052
1,1023,13075
1,1023,13098
1,1023,13123
1,1023,13147
1,1023,13170
1,1023,13195
1,1023,13219
1,1023,13242
1,1023,13268
1,1023,13293
1,1023,13320
1,1023,13346
1,1023,13369
1,1023,13393
1,1023,13416
1,1023,13439
1,1023,13463
1,1023,13490
1,1023,13514
1,1023,13537
1,1023,13563
1,1023,13587
1,1023,13612
1,1023,13637
1,1023,13662
1,1023,13685
1,1023,13712
1,1023,13736
1,1023,13759
1,1023,13783
1,1023,13807
1,1023,13830
1,1023,13858
1,1023,13882
1,1023,13905
1,1023,13932
1,1023,13956
1,1023,13979
1,1023,14004
1,1023,14028
1,1023,14051
1,1023,14076
1,1023,14100
1,1023,14124
1,1023,14149
1,1023,14173
1,1023,14197
1,1023,14221
1,1023,14246
1,1023,14270
1,1023,14295
1,1023,14320
1,1023,14343
1,1023,14368
1,1023,14393
1,1023,14417
1,1023,14442
1,1023,14467
1,1023,14491
1,1023,14516
1,1023,14543
1,1023,14567
1,1023,14592
1,1023,14616
1,1023,14641
1,1023,14666
1,1023,14691
1,1023,14715
1,1023,14741
1,1023,14766
1,1023,14791
1,1023,14816
1,1023,14842
1,1023,14867
1,1023,14892
1,1023,14917
1,1023,14943
1,1023,14968
1,1023,14993
1,1023,15020
1,1023,15044
1,1023,15070
1,1023,15094
1,1023,15118
1,1023,15144
1,1023,15170
1,1023,15196
1,1023,15222
1,1023,15248
1,1023,15274
1,1023,15299
1,1023,15325
1,1023,15352
1,1023,15376
1,1023,15403
1,1023,15429
1,1023,15455
1,1023,15480
1,1023,15507
1,1023,15530
1,1023,15555
1,1023,15578
1,1023,15604
1,1023,15629
1,1023,15656
1,1023,15683
1,1023,15708
1,1023,15734
1,1023,15761
1,1023,15788
1,1023,15813
1,1023,15840
1,1023,15867
1,1023,15893
1,1023,15920
1,1023,15943
1,1023,15970
1,1023,15996
1,1023,16023
1,1023,16050
1,1023,16076
1,1023,16103
1,1023,16127
1,1023,16150
1,1023,16177
1,1023,16202
1,1023,16226
1,1023,16253
1,1023,16277
1,1023,16303
1,1023,16331
1,1023,16355
1,1023,16382
1,1023,16409
1,1023,16432
1,1023,16456
1,1023,16483
1,1023,16507
1,1023,16531
1,1023,16557
1,1023,16581
1,1023,16605
1,1023,16632
1,1023,16656
1,1023,16680
1,1023,16707
1,1023,16736
1,1023,16760
1,1023,16789
1,1023,16815
1,1023,16839
1,1023,16864
1,1023,16891
1,1023,16917
1,1023,16941
1,1023,16968
1,1023,16996
1,1023,17022
1,1023,17050
1,1023,17077
1,1023,17102
1,1023,17126
1,1023,17150
1,1023,17174
1,1023,17199
1,1023,17226
1,1023,17251
1,1023,17276
1,1023,17299
1,1023,17324
1,1023,17349
1,1023,17372
1,1023,17397
1,1023,17423
1,1023,17448
1,1023,17473
1,1023,17498
1,1023,17525
1,1023,17550
1,1023,17575
1,1023,17599
1,1023,17624
1,1023,17649
1,1023,17673
1,1023,17698
1,1023,17724
1,1023,17747
1,1023,17772
1,1022,17798
1,1023,17825
1,1023,17851
1,1023,17876
1,1023,17900
1,1023,17926
1,1023,17951
1,1023,17975
1,1023,18001
1,1023,18026
1,1023,18052
1,1023,18076
1,1023,18102
1,1023,18129
1,1023,18155
1,1023,18182
1,1023,18208
1,1023,18232
1,1023,18258
1,1023,18284
1,1023,18309
1,1023,18335
1,1023,18361
1,1023,18385
1,1023,18411
1,1023,18437
1,1023,18462
1,1023,18487
1,1023,18513
1,1023,18539
1,1023,18564
1,1023,18590
1,1023,18616
1,1023,18640
1,1023,18667
1,1023,18693
1,1023,18717
1,1023,18743
1,1023,18771
1,1023,18797
1,1023,18824
1,1023,18850
1,1023,18877
1,1023,18902
1,1023,18929
1,1023,18955
1,1023,18980
1,1023,19007
1,1023,19033
1,1023,19060
1,1023,19085
1,1023,19113
1,1023,19140
1,1023,19165
1,1023,19191
1,1023,19218
1,1023,19244
1,1023,19271
1,1023,19297
1,1023,19324
1,1023,19350
1,1023,19378
1,1023,19405
1,1023,19431
1,1023,19457
1,1023,19484
1,1023,19513
1,1023,19539
1,1023,19566
1,1023,19593
1,1023,19618
1,1023,19646
1,1023,19673
1,1023,19700
1,1023,19726
1,1023,19753
1,1023,19780
1,1023,19808
1,1023,19835
1,1023,19859
1,1023,19887
1,1023,19914
1,1023,19941
1,1023,19968
1,1023,19995
1,1023,20022
1,1023,20049
1,1023,20077
1,1023,20103
1,1023,20131
1,1023,20159
1,1023,20186
1,1023,20212
1,1023,20240
1,1023,20268
1,1023,20294
1,1023,20322
1,1023,20349
1,1023,20377
1,1023,20404
1,1023,20432
1,1023,20460
1,1023,20484
1,1023,20513
1,1023,20537
1,1023,20566
1,1023,20593
1,1023,20617
1,1023,20642
1,1023,20669
1,1023,20693
1,1023,20721
1,1023,20747
1,1023,20775
1,1023,20800
1,1023,20829
1,1023,20856
1,1023,20880
1,1023,20904
1,1023,20930
1,1023,20959
1,1023,20984
1,1023,21011
1,1023,21042
1,1023,21067
1,1023,21095
1,1023,21124
1,1023,21148
1,1023,21172
1,1023,21199
1,1023,21223
1,1023,21247
1,1023,21274
1,1023,21303
1,1023,21327
1,1023,21354
1,1023,21383
1,1023,21407
1,1023,21436
1,1023,21463
1,1023,21492
1,1023,21518
1,1023,21547
1,1023,21574
1,1023,21603
1,1023,21632
1,1022,21661
1,1023,21689
1,1023,21713
1,1023,21742
1,1023,21771
1,1023,21799
1,1023,21824
1,1023,21848
1,1023,21876
1,1023,21900
1,1023,21925
1,1023,21953
1,1023,21982
1,1023,22007
1,1023,22036
1,1023,22064
1,1023,22089
1,1023,22114
1,1023,22142
1,1023,22171
1,957,22196
1,704,22225
1,586,22253
1,562,22283
1,535,22308
1,504,22337
1,495,22362
1,483,22390
1,462,22415
1,453,22443
1,451,22470
1,447,22494
1,442,22523
1,449,22554
1,451,22579
1,444,22605
1,441,22633
1,450,22659
1,471,22684
1,611,22712
1,977,22743
1,1023,22769
1,1023,22800
1,1023,22824
1,1023,22849
1,1023,22874
1,1023,22900
1,1023,22925
1,1023,22952
1,1023,22981
1,1023,23008
1,1023,23033
1,1023,23058
1,1023,23083
1,1023,23109
1,1023,23138
1,1023,23164
1,1023,23189
1,1023,23220
1,1023,23245
1,1023,23271
1,1023,23297
1,1023,23326
1,1023,23357
1,1023,23383
1,1023,23408
1,1023,23433
1,1023,23459
1,1023,23485
1,1023,23510
1,1023,23536
1,1023,23563
1,1023,23588
1,1023,23613
1,1023,23639
1,1023,23664
1,1023,23690
1,1023,23716
1,1023,23741
1,1023,23767
1,1023,23792
1,1023,23817
1,1023,23843
1,1023,23869
1,1023,23894
1,1023,23920
1,1023,23946
1,1023,23971
1,1023,23998
1,1023,24025
1,1023,24050
1,1023,24081
1,1023,24107
1,1023,24134
1,1023,24160
1,1023,24186
1,1023,24212
1,1023,24237
1,1023,24264
1,1023,24290
1,1023,24315
1,1023,24341
1,1023,24367
1,1023,24392
1,1023,24419
1,1023,24445
1,1023,24470
1,1023,24497
1,1023,24523
1,1023,24550
1,1023,24575
1,1023,24602
1,1023,24628
1,1023,24653
1,1023,24680
1,1023,24707
1,1023,24732
1,1023,24760
1,1023,24787
1,1023,24813
1,1023,24840
1,1023,24866
1,1023,24891
1,1023,24918
1,1023,24945
1,1023,24972
1,1023,24997
1,1023,25024
1,1023,25051
1,1023,25076
1,1023,25106
1,1023,25133
1,1023,25159
1,1023,25186
1,1023,25213
1,1023,25240
1,1023,25265
1,1023,25292
1,1023,25320
1,1023,25345
1,1023,25372
1,1023,25398
1,1023,25427
1,1023,25455
1,1023,25482
1,1023,25508
1,1023,25535
1,1023,25562
1,1023,25589
1,1023,25617
1,1023,25644
1,1023,25672
1,1023,25698
1,1023,25725
1,1023,25752
1,1023,25780
1,1023,25806
1,1023,25833
1,1023,25861
1,1023,25887
1,1023,25914
1,1023,25942
1,1023,25970
1,1022,25996
1,1023,26024
1,1023,26051
1,1023,26077
1,1023,26105
1,1023,26133
1,1023,26160
1,1023,26186
1,1023,26214
1,1023,26242
1,1023,26268
1,1023,26296
1,1023,26324
1,1023,26352
1,1023,26379
1,1023,26407
1,1023,26435
1,1023,26463
1,1023,26490
1,1023,26520
1,1023,26548
1,1023,26575
1,1023,26604
1,1023,26632
1,1023,26660
1,1023,26687
1,1023,26715
1,1023,26743
1,1023,26771
1,1023,26798
1,1023,26826
1,1023,26855
1,1023,26882
1,1023,26910
1,1023,26938
1,1023,26968
1,1023,26995
1,1023,27023
1,1023,27053
1,1023,27081
1,1023,27108
1,1023,27138
1,1023,27167
1,1023,27194
1,1023,27222
1,1023,27251
1,1023,27279
1,1023,27306
1,1023,27335
1,1023,27363
1,1023,27393
1,1023,27420
1,1023,27449
1,1023,27479
1,1023,27510
1,1023,27537
1,1023,27566
1,1023,27596
1,1023,27625
1,1023,27652
1,1023,27681
1,1023,27709
1,1023,27738
1,1023,27766
1,1023,27795
1,1023,27823
1,1023,27854
1,1023,27881
1,1023,27910
1,1023,27939
1,1023,27968
1,1023,27996
1,1023,28026
1,1023,28054
1,1023,28082
1,1023,28111
1,1023,28141
1,1023,28170
1,1023,28197
1,1023,28226
1,1023,28256
1,1023,28281
1,1023,28308
1,1023,28337
1,1023,28366
1,1023,28396
1,1023,28424
1,1023,28454
1,1023,28484
1,1023,28513
1,1023,28541
1,1023,28571
1,1023,28600
1,1023,28629
1,1023,28657
1,1023,28686
1,1023,28716
1,1023,28745
1,1023,28773
1,1023,28803
1,1023,28832
1,1023,28862
1,1023,28890
1,1023,28920
1,1023,28950
1,1023,28979
1,1023,29010
1,1023,29038
1,1023,29068
1,1023,29093
1,1023,29121
1,1023,29151
1,1023,29180
1,1023,29210
1,1023,29240
1,1023,29270
1,1023,29299
1,1023,29325
1,1023,29353
1,1023,29383
1,1023,29413
1,1023,29443
1,1023,29471
1,1023,29501
1,1023,29531
1,1023,29561
1,1023,29591
1,1023,29620
1,1023,29650
1,1023,29680
1,1023,29710
1,1023,29738
1,1023,29770
1,1023,29800
1,1023,29831
1,1023,29861
1,1023,29891
1,1023,29921
1,1023,29953
1,1023,29983
1,1023,30012
1,1023,30043
1,1023,30074
1,1023,30105
1,1023,30137
1,1023,30167
1,1023,30198
1,1023,30228
1,1023,30259
1,1023,30287
1,1023,30318
1,1023,30344
1,1023,30375
1,1023,30404
1,1023,30435
1,1023,30465
1,1023,30491
1,1023,30520
1,1023,30551
1,1023,30582
1,1023,30612
1,1023,30644
1,1023,30674
1,1023,30704
1,1023,30730
1,1023,30762
1,1023,30791
1,1023,30817
1,1023,30848
1,1023,30879
1,1023,30908
1,1023,30939
1,1023,30970
1,1023,31001
1,1023,31032
1,1023,31061
1,1023,31087
1,1023,31117
1,1023,31148
1,1023,31178
1,1023,31209
1,1023,31240
1,1023,31266
1,1023,31296
1,1023,31327
1,1023,31354
1,1023,31386
1,1023,31416
1,1023,31449
1,1023,31480
1,1023,31506
1,1023,31535
1,1023,31566
1,1023,31597
1,1023,31623
1,1023,31653
1,1023,31684
1,1023,31715
1,1023,31741
1,1023,31772
1,1023,31802
1,1023,31829
1,1023,31857
1,1023,31887
1,1023,31919
1,1023,31944
1,1023,31976
1,1023,32006
1,1023,32038
1,1023,32069
1,1023,32095
1,1023,32128
1,1023,32158
1,1023,32190
1,1023,32221
1,1023,32247
1,1023,32277
1,1023,32309
1,1023,32335
1,1023,32361
1,1023,32391
1,1023,32423
1,1023,32449
1,1023,32481
1,1023,32512
1,1023,32543
1,1023,32576
1,1023,32607
1,1023,32639
1,1023,32671
1,1023,32702
1,1023,32728
1,1023,32755
1,1023,32786
1,1023,32818
1,1023,32844
1,1023,32870
1,1023,32900
1,1023,32933
1,1023,32959
1,1023,32985
1,1023,33016
1,1023,33048
1,1023,33074
1,1023,33100
1,1023,33133
1,1023,33159
1,1023,33185
1,1023,33217
1,1023,33250
1,1023,33276
1,1023,33302
1,1023,33333
1,1023,33365
1,1023,33391
1,1023,33418
1,1023,33448
1,1023,33481
1,1023,33507
1,1023,33533
1,1023,33560
1,1023,33586
1,1023,33613
1,1023,33644
1,1023,33677
1,1023,33704
1,1023,33731
1,1023,33757
1,1023,33783
1,1023,33810
1,1023,33841
1,1023,33874
1,1023,33900
1,1023,33927
1,1023,33958
1,1023,33991
1,1023,34017
1,1023,34044
1,1023,34075
1,1023,34108
1,1023,34136
1,1023,34163
1,1023,34194
1,1023,34227
1,1023,34254
1,1023,34281
1,1023,34308
1,1023,34334
1,1023,34361
1,1023,34393
1,1023,34426
1,1023,34453
1,1023,34480
1,1023,34513
1,1023,34542
1,1023,34569
1,1023,34603
1,1023,34634
1,1023,34668
1,1023,34694
1,1023,34721
1,1023,34753
1,1023,34786
1,1023,34821
1,1023,34847
1,1023,34874
1,1023,34906
1,1023,34940
1,1023,34967
1,1023,34994
1,1023,35025
1,1023,35059
1,1023,35086
1,1023,35113
1,1023,35145
1,1023,35173
1,1023,35200
1,1023,35227
1,1023,35259
1,1023,35293
1,1023,35320
1,1023,35347
1,1023,35373
1,1023,35400
1,1023,35427
1,1023,35453
1,1023,35480
1,1023,35507
1,1023,35541
1,1023,35568
1,1023,35595
1,1023,35622
1,1023,35648
1,1023,35675
1,1023,35702
1,1023,35736
1,1023,35762
1,1023,35789
1,1023,35816
1,1023,35849
1,1023,35882
1,1023,35910
1,1023,35938
1,1023,35964
1,1023,35998
1,1023,36025
1,1023,36053
1,1023,36086
1,1023,36114
1,1023,36141
1,1023,36169
1,1023,36195
1,1023,36222
1,1023,36250
1,1023,36285
1,1023,36313
1,1023,36340
1,1023,36368
1,1023,36394
1,1023,36421
1,1023,36449
1,1023,36475
1,1023,36510
1,1023,36537
1,1023,36565
1,1022,36598
1,1023,36632
1,1023,36660
1,1023,36687
1,1023,36714
1,1023,36748
1,1023,36777
1,1023,36805
1,1023,36840
1,1023,36868
1,742,36896
1,628,36924
1,544,36953
1,496,36988
1,480,37016
1,477,37045
1,460,37071
1,455,37099
1,446,37127
1,441,37155
1,432,37181
1,423,37209
1,415,37237
1,411,37263
1,404,37291
1,402,37319
1,404,37346
1,409,37374
1,418,37402
1,425,37430
1,437,37457
1,445,37485
1,451,37513
1,462,37540
1,483,37568
1,536,37596
1,824,37623
1,1023,37651
1,1023,37681
1,1023,37709
1,1023,37736
1,1023,37764
1,1023,37794
1,1023,37821
1,1023,37849
1,1023,37877
1,1023,37906
1,1023,37932
1,1023,37961
1,1023,37989
1,1023,38017
1,1023,38045
1,1023,38074
1,1023,38102
1,1023,38129
1,1023,38157
1,1023,38186
1,1023,38212
1,1023,38241
1,1023,38269
1,1023,38298
1,1023,38326
1,1023,38355
1,1023,38383
1,1023,38410
1,1023,38438
1,1023,38467
1,1023,38496
1,1023,38522
1,1023,38551
1,1023,38579
1,1023,38608
1,1023,38638
1,1023,38667
1,1023,38696
1,1023,38723
1,1023,38752
1,1023,38780
1,1023,38809
1,1023,38837
1,1023,38866
1,1023,38895
1,1023,38922
1,1023,38951
1,1023,38980
1,1023,39009
1,1023,39036
1,1023,39065
1,1023,39097
1,1023,39125
1,1023,39154
1,1023,39184
1,1023,39213
1,1023,39241
1,1023,39270
1,1023,39299
1,1023,39330
1,1023,39358
1,1023,39387
1,1023,39417
1,1023,39444
1,1023,39473
1,1022,39502
1,1023,39531
1,1023,39558
1,1023,39587
1,1023,39616
1,1023,39645
1,1023,39673
1,1023,39701
1,1023,39731
1,1023,39758
1,1023,39787
1,1023,39816
1,1023,39846
1,1023,39873
1,1023,39902
1,1023,39931
1,1023,39961
1,1023,39988
1,1023,40018
1,1023,40048
1,1023,40078
1,1023,40107
1,1023,40136
1,1023,40166
1,1023,40193
1,1023,40223
1,1023,40252
1,1023,40281
1,1023,40309
1,1023,40338
1,1023,40367
1,1023,40397
1,1023,40425
1,1023,40456
1,1023,40485
1,1023,40515
1,1023,40542
1,1023,40572
1,1023,40601
1,1023,40632
1,1023,40660
1,1023,40689
1,1023,40719
1,1023,40747
1,1023,40777
1,1023,40806
1,1023,40835
1,1023,40863
1,1023,40893
1,1023,40923
1,1023,40953
1,1023,40982
1,1023,41012
1,1023,41041
1,1023,41071
1,1023,41099
1,1023,41129
1,1023,41158
1,1023,41189
1,1023,41217
1,1023,41247
1,1023,41277
1,1023,41306
1,1023,41334
1,1023,41364
1,1023,41395
1,1023,41425
1,1023,41454
1,1023,41483
1,1023,41513
1,1023,41543
1,1023,41571
1,1023,41601
1,1023,41631
1,1023,41661
1,1023,41689
1,1023,41719
1,1023,41750
1,1023,41780
1,1023,41808
1,1023,41840
1,1023,41870
1,1023,41900
1,1023,41929
1,1023,41959
1,1023,41989
1,1023,42019
1,1023,42047
1,1023,42077
1,1023,42107
1,1023,42137
1,1023,42166
1,1023,42196
1,1023,42226
1,1023,42256
1,1023,42285
1,1023,42315
1,1023,42345
1,1023,42377
1,1023,42407
1,1022,42437
1,1023,42470
1,1023,42500
1,1023,42529
1,1023,42559
1,1023,42589
1,1023,42619
1,1023,42650
1,1023,42680
1,1023,42711
1,1023,42741
1,1023,42770
1,1023,42801
1,1023,42831
1,1023,42861
1,1023,42892
1,1023,42920
1,1023,42951
1,1023,42982
1,1023,43012
1,1023,43041
1,1023,43071
1,1023,43101
1,1023,43132
1,1023,43161
1,1023,43192
1,1023,43222
1,1023,43253
1,1023,43282
1,1023,43312
1,1023,43342
1,1023,43375
1,1023,43406
1,1023,43434
1,1023,43465
1,1023,43496
1,1023,43526
1,1023,43557
1,1023,43587
1,1023,43619
1,1023,43650
1,1023,43681
1,1023,43711
1,1023,43742
1,1023,43773
1,1023,43803
1,1022,43832
1,1023,43863
1,1023,43895
1,1023,43926
1,1023,43959
1,1023,43990
1,1023,44021
1,1023,44052
1,1023,44081
1,1023,44114
1,1023,44145
1,1023,44176
1,1023,44207
1,1023,44236
1,1023,44267
1,1023,44298
1,1023,44329
1,1023,44358
1,1023,44389
1,1023,44419
1,1023,44451
1,1023,44482
1,1023,44511
1,1023,44542
1,1023,44574
1,1023,44605
1,1023,44636
1,1023,44667
1,1023,44698
1,1023,44730
1,1023,44763
1,1023,44792
1,1023,44823
1,1023,44854
1,1023,44886
1,1023,44915
1,1023,44946
1,1023,44979
1,1023,45012
1,1023,45043
1,1023,45073
1,1023,45293
1,1023,45324
1,1023,45355
1,1023,45385
1,1023,45417
1,1023,45449
1,1023,45480
1,1023,45512
1,1023,45543
1,1023,45574
1,1023,45608
1,1023,45642
1,1023,45673
1,1023,45703
1,1023,45734
1,1023,45766
1,1023,45797
1,1023,45827
1,1023,45858
1,1023,45890
1,1023,45922
1,1023,45953
1,1023,45983
1,1023,46014
1,1023,46046
1,1023,46077
1,1023,46109
1,1023,46140
1,1023,46172
1,1023,46204
1,1023,46235
1,1023,46268
1,1023,46298
1,1023,46330
1,1023,46363
1,1023,46396
1,1022,46426
1,1023,46460
1,1023,46493
1,1023,46525
1,1023,46556
1,1023,46586
1,1023,46618
1,1023,46651
1,1023,46683
1,1023,46716
1,1023,46746
1,1023,46777
1,1023,46809
1,1023,46841
1,1023,46873
1,1023,46903
1,1023,46935
1,1023,46967
1,1023,46999
1,1023,47031
1,1023,47061
1,1023,47093
1,1023,47125
1,1023,47157
1,1023,47189
1,1023,47219
1,1023,47251
1,1023,47286
1,1023,47318
1,1023,47350
1,1023,47380
1,1023,47413
1,1023,47446
1,1023,47478
1,1023,47510
1,1023,47540
1,1023,47573
1,1023,47605
1,1023,47637
1,1023,47669
1,1023,47700
1,1023,47732
1,1023,47764
1,1023,47796
1,1023,47829
1,1023,47859
1,1023,47891
1,1023,47923
1,1023,47956
1,1023,47988
1,1023,48019
1,1023,48053
1,1023,48085
1,1023,48117
1,1023,48149
1,1023,48182
1,1023,48212
1,1022,48244
1,1023,48277
1,1023,48309
1,1023,48343
1,1023,48373
1,1023,48406
1,1023,48438
1,1023,48471
1,1023,48503
1,1023,48534
1,1023,48567
1,1023,48599
1,1023,48632
1,1023,48664
1,1023,48695
1,1023,48728
1,1023,48760
1,1023,48793
1,1023,48827
1,1023,48859
1,1023,48890
1,1023,48924
1,1023,48957
1,1023,48989
1,1023,49022
1,1023,49053
1,1023,49086
1,1023,49119
1,1023,49151
1,1023,49184
1,1023,49217
1,1023,49247
1,1023,49280
1,1023,49313
1,1023,49347
1,1023,49381
1,1023,49412
1,1023,49445
1,1023,49477
1,1023,49510
1,1023,49543
1,1023,49576
1,1023,49607
1,1023,49640
1,1023,49674
1,1023,49707
1,1023,49740
1,1023,49771
1,1023,49804
1,1023,49837
1,1023,49870
1,1023,49903
1,1023,49936
1,1023,49967
1,1023,50000
1,1023,50033
1,1023,50066
1,1023,50099
1,1023,50132
1,1023,50163
1,1023,50198
1,1023,50232
1,1023,50265
1,1023,50298
1,1023,50332
1,1023,50364
1,1023,50397
1,1023,50430
1,1023,50463
1,1023,50496
1,1023,50528
1,1023,50562
1,1023,50596
1,1023,50629
1,1023,50663
1,1023,50696
1,1023,50729
1,1023,50762
1,1023,50796
1,1023,50829
1,1023,50864
1,1023,50899
1,1023,50931
1,1023,50964
1,1023,50998
1,1023,51031
1,1023,51064
1,1023,51098
1,1023,51130
1,1023,51164
1,1023,51197
1,1023,51231
1,1023,51264
1,1023,51298
1,1023,51332
1,1023,51363
1,1023,51397
1,1023,51430
1,1023,51464
1,1023,51498
1,1023,51531
1,1023,51563
1,1023,51597
1,1023,51630
1,1023,51664
1,1023,51699
1,1023,51732
1,1023,51767
1,1023,51800
1,1023,51834
1,1023,51867
1,1023,51901
1,1023,51935
1,1023,51966
1,1023,52000
1,1023,52035
1,1023,52069
1,1023,52103
1,1023,52136
1,1023,52170
1,1023,52202
1,1022,52236
1,1023,52270
1,1023,52303
1,839,52337
1,588,52371
1,527,52403
1,480,52437
1,471,52471
1,457,52506
1,441,52541
1,438,52576
1,434,52609
1,435,52644
1,434,52678
1,431,52712
1,428,52746
1,408,52782
1,410,52817
1,401,52850
1,404,52885
1,409,52919
1,447,52953
1,626,52987
1,1023,53021
1,1023,53055
1,1023,53087
1,1023,53121
1,1023,53157
1,1023,53192
1,1023,53226
1,1023,53260
1,1023,53295
1,1023,53327
1,1023,53361
1,1023,53396
1,1023,53430
1,1023,53464
1,1023,53499
1,1023,53531
1,1023,53566
1,1023,53600
1,1023,53634
1,1023,53668
1,1023,53705
1,1023,53739
1,1023,53771
1,1023,53806
1,1023,53841
1,1023,53869
1,1023,53904
1,1023,53938
1,1023,53971
1,1023,54005
1,1023,54040
1,1023,54074
1,1023,54109
1,1023,54145
1,1023,54179
1,1023,54213
1,1023,54248
1,1023,54282
1,1023,54317
1,1023,54351
1,1023,54386
1,1023,54421
1,1023,54455
1,1023,54488
1,1023,54523
1,1023,54557
1,1023,54592
1,1023,54626
1,1023,54661
1,1023,54696
1,1023,54729
1,1023,54763
1,1023,54798
1,1023,54826
1,1023,54861
1,1023,54896
1,1023,54929
1,1023,54964
1,1023,54998
1,1023,55036
1,1023,55071
1,1023,55106
1,1023,55143
1,1023,55175
1,1023,55212
1,1023,55248
1,1023,55283
1,1023,55318
1,1023,55353
1,1023,55390
1,1023,55420
1,1023,55455
1,1023,55490
1,1023,55525
1,1023,55560
1,1023,55598
1,1023,55632
1,1023,55667
1,1023,55702
1,1023,55737
1,1023,55772
1,1023,55810
1,1023,55845
1,1023,55881
1,1023,55916
1,1023,55952
1,1023,55989
1,1023,56025
1,1023,56062
1,1023,56091
1,1023,56126
1,1023,56164
1,1023,56197
1,1023,56233
1,1023,56261
1,1023,56297
1,1023,56332
1,1023,56367
1,1023,56401
1,1023,56436
1,1023,56471
1,1023,56507
1,1023,56542
1,1023,56577
1,1023,56613
1,1023,56648
1,1023,56682
1,1023,56717
1,1023,56755
1,1023,56790
1,1023,56819
1,1023,56854
1,1023,56890
1,1022,56925
1,1023,56960
1,1023,56995
1,1023,57031
1,1023,57060
1,1023,57095
1,1023,57133
1,1023,57166
1,1023,57202
1,1023,57238
1,1023,57273
1,1023,57309
1,1023,57345
1,1022,57380
1,1023,57416
1,1023,57450
1,1023,57486
1,1023,57523
1,1023,57559
1,1023,57595
1,1023,57623
1,1023,57659
1,1023,57693
1,1023,57729
1,1023,57764
1,1023,57800
1,1023,57836
1,1023,57865
1,1023,57901
1,1023,57934
1,1023,57970
1,1023,58008
1,1022,58044
1,1023,58079
1,1023,58115
1,1023,58151
1,1023,58180
1,1023,58214
1,1023,58250
1,1023,58286
1,1023,58322
1,1023,58358
1,1023,58394
1,1023,58430
1,1023,58458
1,1023,58491
