var_x,delta var_x,var_y,delta var_y,var_z,delta var_z,class
0.024873171,0,0.003653923,0,0.006676914,0,none
0.023812946,-0.001060225,0.003708952,5.50295E-05,0.005150754,-0.00152616,none
0.025867368,0.002054422,0.003521854,-0.000187098,0.005264484,0.00011373,none
0.027749365,0.001881997,0.002876183,-0.000645671,0.004765548,-0.000498935,none
0.02694227,-0.000807095,0.002920207,4.40237E-05,0.004472061,-0.000293488,none
0.03074295,0.00380068,0.004031792,0.001111585,0.003756675,-0.000715386,none
0.034319844,0.003576894,0.004295931,0.000264139,0.003756675,0,none
0.033351332,-0.000968512,0.004295931,0,0.003650285,-0.00010639,none
0.037049288,0.003697956,0.003947416,-0.000348515,0.003650285,0,none
0.031711461,-0.005337827,0.003738307,-0.000209109,0.002270882,-0.001379403,none
0.025133642,-0.006577819,0.003738306,-3.63919E-10,0.002274551,3.66895E-06,none
0.026982619,0.001848977,0.004325279,0.000586973,0.002406621,0.00013207,none
0.020613913,-0.006368706,0.004824206,0.000498927,0.00256804,0.000161419,none
0.021024797,0.000410884,0.004563736,-0.000260471,0.003287083,0.000719043,none
0.02982946,0.008804662,0.007172112,0.002608376,0.005224104,0.001937021,none
0.069479786,0.039650327,0.013041889,0.005869777,0.011387376,0.006163272,none
0.083218734,0.013738948,0.013118929,7.70399E-05,0.015716346,0.00432897,none
0.124894131,0.041675397,0.034176747,0.021057818,0.024253171,0.008536825,none
0.217808999,0.092914868,0.11447528,0.080298533,0.027309127,0.003055956,motion
0.218249233,0.000440234,0.115179649,0.00070437,0.036187163,0.008878035,motion
0.232531127,0.014281895,0.116236204,0.001056555,0.036080771,-0.000106391,motion
0.234864363,0.002333235,0.117013944,0.00077774,0.036080771,0,motion
0.242260279,0.007395916,0.117410153,0.000396209,0.036598045,0.000517273,motion
0.247304616,0.005044338,0.12222337,0.004813216,0.038047146,0.001449101,motion
0.248918804,0.001614188,0.122883724,0.000660354,0.038193888,0.000146742,motion
0.260452911,0.011534107,0.120829304,-0.00205442,0.038193888,0,motion
0.266381384,0.005928473,0.119831442,-0.000997862,0.03763626,-0.000557628,motion
0.277332182,0.010950799,0.119288486,-0.000542956,0.037313421,-0.000322839,motion
0.287541922,0.01020974,0.11819891,-0.001089576,0.036920882,-0.000392539,motion
0.289126762,0.00158484,0.117523883,-0.000675027,0.0365797,-0.000341182,motion
0.308673112,0.01954635,0.120183623,0.002659739,0.037254726,0.000675027,motion
0.310932976,0.002259864,0.118290625,-0.001892998,0.037287745,3.30182E-05,motion
0.317918008,0.006985032,0.116294907,-0.001995717,0.036462308,-0.000825437,motion
0.321590285,0.003672277,0.116144494,-0.000150413,0.036667752,0.000205444,motion
0.326634623,0.005044338,0.11024538,-0.005899114,0.035875335,-0.000792417,motion
0.303977293,-0.02265733,0.0983334,-0.01191198,0.026766172,-0.009109163,none
0.267349891,-0.036627402,0.094121843,-0.004211557,0.019722426,-0.007043746,none
0.191926959,-0.075422933,0.084964997,-0.009156846,0.017004007,-0.002718419,none
0.029976204,-0.161950755,0.020173677,-0.06479132,0.015980462,-0.001023545,none
0.02205201,-0.007924194,0.020852374,0.000678697,0.010048316,-0.005932146,none
0.022804075,0.000752065,0.018823638,-0.002028736,0.009872226,-0.00017609,none
0.021934614,-0.000869461,0.017007687,-0.001815951,0.008845016,-0.00102721,none
0.0247411,0.002806486,0.019428971,0.002421284,0.008845016,0,none
0.025133641,0.000392541,0.017062715,-0.002366256,0.008452472,-0.000392543,none
0.023812942,-0.0013207,0.016798571,-0.000264144,0.008452472,0,none
0.025959078,0.002146137,0.016303314,-0.000495258,0.007909515,-0.000542958,none
0.029271834,0.003312755,0.016182249,-0.000121065,0.008158977,0.000249462,none
0.028508763,-0.000763071,0.015775033,-0.000407217,0.008111286,-4.7691E-05,none
0.030005556,0.001496793,0.015301781,-0.000473252,0.007762761,-0.000348524,none
0.030445789,0.000440233,0.0152761,-2.56806E-05,0.007762761,0,none
0.019282211,-0.011163578,0.010697682,-0.004578418,0.006673182,-0.001089579,none
0.019263868,-1.83433E-05,0.010605967,-9.1715E-05,0.006673182,0,none
0.014806508,-0.00445736,0.010213426,-0.000392541,0.006673182,0,none
0.012106411,-0.002700096,0.009960292,-0.000253135,0.006056851,-0.000616331,none
0.006588823,-0.005517588,0.008276399,-0.001683892,0.005297445,-0.000759406,none
0.006526457,-6.23664E-05,0.007759124,-0.000517275,0.005370817,7.33721E-05,none
0.00591013,-0.000616326,0.006086235,-0.00167289,0.00419687,-0.001173947,none
0.006075218,0.000165088,0.004857247,-0.001228988,0.002124109,-0.00207276,none
0.006086224,1.10058E-05,0.004857247,0,0.001981035,-0.000143074,none
0.005723031,-0.000363193,0.003151343,-0.001705904,0.001981035,0,none
0.007084084,0.001361053,0.003213709,6.23662E-05,0.002113103,0.000132068,none
0.009285249,0.002201165,0.002916549,-0.000297161,0.002876176,0.000763073,none
0.012102741,0.002817492,0.001232656,-0.001683892,0.002934879,5.87032E-05,none
0.011486414,-0.000616326,0.001243662,1.1006E-05,0.002289209,-0.00064567,none
0.00999329,-0.001493125,0.002582708,0.001339046,0.002681747,0.000392537,none
0.010697662,0.000704372,0.002828505,0.000245797,0.002773461,9.17147E-05,none
0.014215858,0.003518196,0.002857857,2.93515E-05,0.002788137,1.46754E-05,none
0.01740388,0.003188022,0.003121997,0.00026414,0.002773461,-1.46754E-05,none
0.019293214,0.001889333,0.003815366,0.000693368,0.002788137,1.46754E-05,none
0.020320424,0.001027211,0.005557957,0.001742592,0.003360434,0.000572297,none
0.022598631,0.002278207,0.005590976,3.30186E-05,0.003360434,0,none
0.02236384,-0.000234791,0.005704703,0.000113727,0.003375107,1.46731E-05,none
0.023842289,0.001478449,0.005323167,-0.000381536,0.003375107,0,none
0.024986894,0.001144605,0.005356185,3.30187E-05,0.003375107,0,none
0.021553077,-0.003433818,0.005264469,-9.17165E-05,0.003591553,0.000216446,none
0.018823632,-0.002729445,0.005561625,0.000297156,0.003653919,6.23662E-05,none
0.016798559,-0.002025073,0.005352515,-0.000209111,0.003316404,-0.000337515,none
0.014861535,-0.001937024,0.005029676,-0.000322839,0.003503501,0.000187097,none
0.011460735,-0.0034008,0.005150738,0.000121062,0.003463147,-4.03546E-05,none
0.01004832,-0.001412415,0.005029671,-0.000121067,0.003389776,-7.33705E-05,none
0.01004832,0,0.005444226,0.000414554,0.003287057,-0.000102719,none
0.009553058,-0.000495262,0.005444226,0,0.002417595,-0.000869463,none
0.009332941,-0.000220116,0.005763396,0.00031917,0.001948008,-0.000469586,none
0.00696669,-0.002366251,0.006148601,0.000385205,0.002259846,0.000311838,none
0.006379713,-0.000586977,0.005763399,-0.000385203,0.002656063,0.000396217,none
0.0052241,-0.001155612,0.005884463,0.000121064,0.002729434,7.33705E-05,none
0.005561612,0.000337512,0.006379727,0.000495264,0.003004583,0.000275149,none
0.005561612,0,0.005910144,-0.000469583,0.003004583,0,none
0.005517589,-4.40233E-05,0.005502929,-0.000407215,0.003004583,0,none
0.005616642,9.90525E-05,0.004295957,-0.001206972,0.002582702,-0.000421881,none
0.00564599,2.93488E-05,0.004325304,2.93475E-05,0.002623055,4.03535E-05,none
0.005561612,-8.43781E-05,0.004824235,0.000498931,0.002920211,0.000297156,none
0.005205758,-0.000355855,0.004930625,0.00010639,0.003169679,0.000249468,none
0.004842566,-0.000363192,0.005352514,0.000421889,0.003389798,0.000220119,none
0.005059013,0.000216448,0.004637135,-0.00071538,0.00299359,-0.000396207,none
0.004765525,-0.000293489,0.004328972,-0.000308163,0.003708968,0.000715377,none
0.004270263,-0.000495262,0.003874061,-0.000454911,0.005205756,0.001496789,none
0.004270263,0,0.00444269,0.00056863,0.006790606,0.00158485,none
0.009332943,0.00506268,0.005003983,0.000561292,0.00740693,0.000616324,none
0.009376966,4.40232E-05,0.004769186,-0.000234796,0.007131785,-0.000275145,none
0.014615739,0.005238773,0.006878628,0.002109442,0.006790605,-0.00034118,none
0.016798561,0.002182822,0.006838274,-4.03548E-05,0.006662203,-0.000128402,none
0.018621858,0.001823298,0.007113418,0.000275145,0.006673208,1.10046E-05,none
0.021905264,0.003283405,0.007406906,0.000293488,0.006819953,0.000146745,none
0.026032448,0.004127185,0.007905838,0.000498931,0.00664386,-0.000176093,none
0.026601083,0.000568635,0.007982878,7.704E-05,0.00664386,0,none
0.028362015,0.001760932,0.009431972,0.001449094,0.00664386,0,none
0.027217409,-0.001144606,0.008991741,-0.000440231,0.007117108,0.000473249,none
0.026986286,-0.000231123,0.010873736,0.001881995,0.007025392,-9.17165E-05,none
0.027422851,0.000436565,0.011662483,0.000788747,0.007025392,0,none
0.027499892,7.70412E-05,0.01192662,0.000264137,0.006985036,-4.03558E-05,none
0.026190199,-0.001309694,0.008525819,-0.003400801,0.005939485,-0.00104555,none
0.022961823,-0.003228376,0.009112795,0.000586976,0.006001852,6.23667E-05,none
0.018768603,-0.00419322,0.008991732,-0.000121063,0.006585168,0.000583316,none
0.014146156,-0.004622447,0.00742524,-0.001566491,0.006676886,9.17185E-05,none
0.011724875,-0.002421282,0.007084061,-0.000341179,0.006526474,-0.000150412,none
0.009919919,-0.001804955,0.004882904,-0.002201158,0.003536564,-0.002989911,none
0.004912267,-0.005007652,0.004710479,-0.000172425,0.002711122,-0.000825442,none
0.004765523,-0.000146744,0.004736159,2.56797E-05,0.002711122,0,none
0.002681753,-0.00208377,0.004196875,-0.000539284,0.002711122,0,none
0.002700096,1.83428E-05,0.004123503,-7.33717E-05,0.003096332,0.00038521,none
0.002828497,0.000128401,0.003316412,-0.000807091,0.002916566,-0.000179766,none
0.002828497,0,0.003151324,-0.000165088,0.003022955,0.000106389,none
0.002729445,-9.90526E-05,0.002934875,-0.000216448,0.002479996,-0.000542958,none
0.002124124,-0.00060532,0.002857836,-7.70399E-05,0.00227088,-0.000209116,none
0.002039746,-8.4378E-05,0.002626713,-0.000231123,0.002641409,0.000370529,none
0.002039746,0,0.002564347,-6.23655E-05,0.002564369,-7.70401E-05,none
0.001801287,-0.000238459,0.002333224,-0.000231123,0.002494667,-6.97026E-05,none
0.001746258,-5.50292E-05,0.001746247,-0.000586977,0.002681771,0.000187105,none
0.001683891,-6.23664E-05,0.001654533,-9.17141E-05,0.002626743,-5.50285E-05,none
0.001614188,-6.97036E-05,0.001595836,-5.8697E-05,0.002626743,0,none
0.001614188,0,0.001595836,0,0.002681771,5.50285E-05,none
0.001614188,0,0.000792413,-0.000803424,0.002729463,4.76914E-05,none
0.001683891,6.97035E-05,0.000792413,0,0.002476323,-0.00025314,none
0.001599513,-8.43781E-05,0.000660344,-0.000132069,0.002215846,-0.000260477,none
0.002124125,0.000524611,0.000803418,0.000143074,0.00315501,0.000939165,none
0.002039747,-8.43781E-05,0.000950163,0.000146745,0.003004594,-0.000150417,none
0.002270869,0.000231123,0.000953832,3.66872E-06,0.003151341,0.000146747,none
0.002270869,0,0.001096908,0.000143076,0.002993592,-0.000157749,none
0.002435957,0.000165088,0.001096908,0,0.003004599,1.10063E-05,none
0.003008261,0.000572304,0.001096908,0,0.002876194,-0.000128405,none
0.002846842,-0.000161419,0.000953832,-0.000143076,0.00309631,0.000220116,none
0.003210034,0.000363192,0.000920816,-3.30155E-05,0.002876194,-0.000220116,none
0.003066959,-0.000143076,0.001096908,0.000176092,0.002916549,4.03552E-05,none
0.003004592,-6.23664E-05,0.001085902,-1.10059E-05,0.002681759,-0.00023479,none
0.003562221,0.000557629,0.001247319,0.000161417,0.002362588,-0.000319171,none
0.003609913,4.7692E-05,0.001247319,0,0.002362588,0,none
0.003268732,-0.000341181,0.001379388,0.000132069,0.002535011,0.000172423,none
0.003140331,-0.000128401,0.001482108,0.00010272,0.002568025,3.30136E-05,none
0.003151336,1.10056E-05,0.001482108,0,0.002568025,0,none
0.002993586,-0.00015775,0.00155548,7.33718E-05,0.002564357,-3.66799E-06,none
0.002916545,-7.7041E-05,0.001654532,9.90515E-05,0.002681752,0.000117395,none
0.00287619,-4.03547E-05,0.001654532,0,0.002681752,0,none
0.002347911,-0.00052828,0.001702223,4.76911E-05,0.002681752,0,none
0.002039747,-0.000308163,0.001702223,0,0.002564357,-0.000117395,none
0.001760933,-0.000278814,0.001628851,-7.33718E-05,0.001595843,-0.000968513,none
0.001507798,-0.000253134,0.001449089,-0.000179762,0.001555489,-4.03538E-05,none
0.002069096,0.000561297,0.001449089,0,0.001555489,0,none
0.001683891,-0.000385204,0.001214298,-0.000234791,0.001595843,4.03538E-05,none
0.001830636,0.000146744,0.001214298,0,0.001702232,0.000106389,none
0.001830636,0,0.00115927,-5.50284E-05,0.001173949,-0.000528283,none
0.001775607,-5.50291E-05,0.001096904,-6.23655E-05,0.001096909,-7.70401E-05,none
0.002142468,0.000366861,0.000803416,-0.000293488,0.001027206,-6.97026E-05,none
0.002186491,4.40234E-05,0.000733713,-6.97027E-05,0.001306024,0.000278818,none
0.002186491,-1.91536E-11,0.000733713,0,0.001507802,0.000201778,none
0.002186491,0,0.000719039,-1.46743E-05,0.001555493,4.76908E-05,none
0.002142468,-4.40232E-05,0.000719039,0,0.001555493,0,none
0.00224152,9.90525E-05,0.000627325,-9.17141E-05,0.001449104,-0.000106389,none
0.00197738,-0.00026414,0.000528273,-9.90513E-05,0.001361057,-8.80467E-05,none
0.002094776,0.000117395,0.000528273,8.67362E-19,0.001361057,0,none
0.001654543,-0.000440233,0.000421885,-0.000106388,0.001379399,1.83423E-05,none
0.001848979,0.000194436,0.000333839,-8.80456E-05,0.00124733,-0.00013207,none
0.001907677,5.86978E-05,0.000715374,0.000381534,0.001654551,0.000407222,motion
0.003536539,0.001628862,0.000774071,5.86969E-05,0.002406618,0.000752067,motion
0.003151335,-0.000385204,0.000968507,0.000194437,0.003210045,0.000803427,motion
0.167182212,0.164030876,0.062993663,0.062025156,0.127359324,0.124149279,motion
0.499998409,0.332816198,0.131317866,0.068324203,0.207037796,0.079678473,motion
0.627666025,0.127667615,0.136897824,0.005579957,0.207037796,0,motion
0.740013527,0.112347502,0.158043689,0.021145865,0.225971501,0.018933704,motion
0.73552315,-0.004490377,0.173374821,0.015331132,0.343249656,0.117278155,motion
0.798476485,0.062953336,0.187579677,0.014204855,0.430122314,0.086872659,motion
0.851469543,0.052993058,0.207419522,0.019839845,0.511913971,0.081791657,motion
1.186791431,0.335321888,0.227347396,0.019927874,0.530609212,0.018695242,motion
1.506077799,0.319286368,0.265647679,0.038300283,0.557756905,0.027147692,motion
1.509911468,0.00383367,0.257429984,-0.008217695,0.661945433,0.104188528,motion
1.459119573,-0.050791896,0.247744846,-0.009685138,0.663563295,0.001617862,motion
1.46002938,0.000909808,0.23641985,-0.011324996,0.67882472,0.015261425,motion
1.383300419,-0.076728961,0.227218978,-0.009200872,0.698690222,0.019865502,motion
1.290851472,-0.092448947,0.214466893,-0.012752086,0.701067482,0.00237726,motion
1.224651423,-0.066200049,0.270372835,0.055905942,0.721142083,0.0200746,motion
1.260574445,0.035923022,0.296698768,0.026325933,0.721083384,-5.86989E-05,motion
1.359773635,0.09919919,0.338286096,0.041587329,1.075471038,0.354387655,motion
1.618971877,0.259198242,0.895507418,0.557221322,1.0946248,0.019153761,motion
1.526156068,-0.09281581,0.870850712,-0.024656706,1.209389896,0.114765096,motion
1.429084672,-0.097071396,0.855725035,-0.015125678,1.347447023,0.138057126,motion
1.467282225,0.038197553,0.849664503,-0.006060531,1.266785387,-0.080661635,motion
1.371091305,-0.09619092,0.894623287,0.044958783,1.256557366,-0.010228022,motion
1.353052746,-0.018038559,0.89618244,0.001559153,1.362227997,0.105670631,motion
1.336709081,-0.016343665,0.899308091,0.003125651,1.347186702,-0.015041295,motion
1.350400332,0.01369125,1.020089774,0.120781683,1.290246177,-0.056940525,motion
1.336488962,-0.01391137,1.084132688,0.064042914,1.199910388,-0.090335789,motion
1.492903764,0.156414802,1.11120702,0.027074332,1.262335339,0.062424951,motion
1.25553006,-0.237373705,1.10103764,-0.01016938,1.259492169,-0.00284317,motion
0.968277978,-0.287252082,1.069693036,-0.031344605,1.220825051,-0.038667119,motion
1.270054125,0.301776147,1.075929674,0.006236638,1.145614885,-0.075210166,motion
1.511114777,0.241060652,1.103557937,0.027628264,1.343532641,0.197917756,motion
1.446939799,-0.064174979,1.110106409,0.006548472,1.327097256,-0.016435385,motion
1.44256682,-0.004372979,1.107167846,-0.002938563,1.323116819,-0.003980437,motion
1.531130706,0.088563887,1.102031791,-0.005136055,1.327783275,0.004666456,motion
1.560960185,0.029829479,1.005330908,-0.096700883,1.415536413,0.087753137,motion
1.50240919,-0.058550995,0.914936372,-0.090394536,1.42890853,0.013372117,motion
1.323410407,-0.178998782,0.767605024,-0.147331349,1.089646532,-0.339261998,motion
0.891248247,-0.432162161,0.325988945,-0.441616079,1.063603129,-0.026043402,motion
0.831145417,-0.06010283,0.328982532,0.002993588,0.913028713,-0.150574417,motion
0.822131647,-0.00901377,0.328982532,-9.10383E-15,0.829527497,-0.083501215,motion
0.762425019,-0.059706628,0.326491547,-0.002490985,0.809188742,-0.020338755,motion
0.703268695,-0.059156323,0.216194815,-0.110296732,0.705018541,-0.104170202,motion
0.681246029,-0.022022667,0.179391339,-0.036803476,0.552972985,-0.152045556,motion
0.605922157,-0.075323871,0.146638004,-0.032753334,0.551358799,-0.001614186,motion
0.432074107,-0.173848051,0.094664779,-0.051973225,0.546017336,-0.005341463,motion
0.359509012,-0.072565095,0.067663813,-0.027000967,0.569144242,0.023126905,motion
0.35780311,-0.001705902,0.055997637,-0.011666175,0.339342624,-0.229801617,motion
0.303096804,-0.054706305,0.0586207,0.002623063,0.339786525,0.000443901,motion
0.29207998,-0.011016825,0.070158465,0.011537765,0.28563421,-0.054152315,motion
0.273718579,-0.018361401,0.07062438,0.000465915,0.273454429,-0.012179782,motion
0.254381338,-0.019337241,0.058242849,-0.012381531,0.18877195,-0.084682479,motion
0.209620632,-0.044760706,0.039984174,-0.018258675,0.14562911,-0.04314284,motion
0.174024123,-0.035596509,0.033897957,-0.006086217,0.119813055,-0.025816055,motion
0.174024123,1.13798E-15,0.031619751,-0.002278207,0.10699123,-0.012821825,motion
0.186933963,0.01290984,0.036671421,0.00505167,0.089161809,-0.017829421,motion
0.187139404,0.000205442,0.038663469,0.001992048,0.095016916,0.005855107,motion
0.185701309,-0.001438095,0.035086571,-0.003576898,0.089730453,-0.005286463,motion
0.184233865,-0.001467445,0.035453432,0.000366861,0.087958519,-0.001771934,motion
0.179215204,-0.00501866,0.035552485,9.90529E-05,0.088706912,0.000748393,motion
0.17867592,-0.000539284,0.034319834,-0.001232651,0.087147755,-0.001559157,motion
0.165567981,-0.013107938,0.032617601,-0.001702233,0.083537831,-0.003609924,motion
0.166008218,0.000440237,0.025661914,-0.006955686,0.080797386,-0.002740445,motion
0.166184309,0.000176092,0.023684529,-0.001977385,0.070184123,-0.010613263,motion
0.160406246,-0.005778064,0.0192932,-0.004391329,0.060297235,-0.009886888,motion
0.159404716,-0.001001529,0.013129933,-0.006163267,0.058785764,-0.001511471,motion
0.15839585,-0.001008867,0.008892687,-0.004237246,0.054794317,-0.003991447,motion
0.155765459,-0.002630391,0.007113416,-0.001779271,0.051635649,-0.003158668,motion
0.159639509,0.00387405,0.007406904,0.000293488,0.05054974,-0.001085909,motion
0.109012708,-0.050626801,0.004765512,-0.002641393,0.048660406,-0.001889334,motion
0.039034004,-0.069978704,0.004295931,-0.000469581,0.047878992,-0.000781414,motion
0.035640539,-0.003393465,0.004295931,0,0.032283785,-0.015595207,motion
0.025162991,-0.010477548,0.004607762,0.000311831,0.010048329,-0.022235456,motion
0.025162991,0,0.004123507,-0.000484255,0.008158991,-0.001889338,motion
0.019649071,-0.00551392,0.004383978,0.000260471,0.007964556,-0.000194435,motion
0.014146157,-0.005502914,0.002920207,-0.001463771,0.005414876,-0.00254968,motion
0.013148294,-0.000997862,0.002388263,-0.000531944,0.002769799,-0.002645077,motion
0.013394091,0.000245797,0.002124125,-0.000264138,0.002729444,-4.03548E-05,motion
0.013206991,-0.0001871,0.002113119,-1.10055E-05,0.002729444,0,motion
0.004002452,-0.009204539,0.00224152,0.000128401,0.002828495,9.90508E-05,motion
0.002417612,-0.00158484,0.002388265,0.000146745,0.002623054,-0.000205441,motion
0.002417612,0,0.002201165,-0.000187099,0.002259862,-0.000363192,motion
0.00218649,-0.000231121,0.001948031,-0.000253134,0.002124123,-0.000135739,motion
0.002142467,-4.40232E-05,0.001801287,-0.000146744,0.002124123,0,motion
0.001379395,-0.000763072,0.00181963,1.8343E-05,0.002124123,0,motion
0.001361052,-1.8343E-05,0.001390402,-0.000429228,0.000627325,-0.001496799,motion
0.001361052,0,0.001335374,-5.50281E-05,0.000645668,1.83428E-05,motion
0.001243657,-0.000117395,0.000865791,-0.000469582,0.000627325,-1.83428E-05,motion
0.001067564,-0.000176093,0.000880466,1.46746E-05,0.00071537,8.80456E-05,motion
0.001100581,3.30174E-05,0.000865792,-1.46743E-05,0.001012527,0.000297157,motion
0.001100581,0,0.000568636,-0.000297156,0.000950162,-6.23657E-05,motion
0.001232651,0.00013207,0.000480589,-8.80465E-05,0.001027201,7.70398E-05,motion
0.001232651,0,0.000656681,0.000176092,0.001096904,6.97027E-05,motion
0.001067564,-0.000165087,0.000803425,0.000146743,0.001012527,-8.43771E-05,motion
0.000862122,-0.000205442,0.000920819,0.000117395,0.001067555,5.50284E-05,motion
0.000774075,-8.80465E-05,0.001008865,8.80458E-05,0.001067555,0,motion
0.000568634,-0.000205442,0.001067562,5.86971E-05,0.001067555,0,motion
0.000601651,3.30174E-05,0.00109691,2.93483E-05,0.000968504,-9.90513E-05,motion
0.000568634,-3.30174E-05,0.000803422,-0.000293488,0.000968504,0,motion
0.000568634,0,0.000774073,-2.93493E-05,0.000920813,-4.76913E-05,motion
0.000568634,0,0.000821764,4.76916E-05,0.000862116,-5.86972E-05,motion
0.000568634,0,0.000748392,-7.33723E-05,0.000895133,3.3017E-05,motion
0.000568634,0,0.000645671,-0.000102721,0.00077407,-0.000121063,motion
0.000568634,0,0.000656677,1.10058E-05,0.00077407,0,motion
0.000675023,0.00010639,0.000513601,-0.000143076,0.000895133,0.000121063,motion
0.000675023,0,0.000748396,0.000234795,0.000792413,-0.00010272,motion
0.000715378,4.03546E-05,0.000821772,7.33755E-05,0.000660344,-0.000132069,motion
0.000715378,0,0.000865798,4.40262E-05,0.000656675,-3.66864E-06,motion
0.000675023,-4.03546E-05,0.000803432,-6.23662E-05,0.000656675,0,motion
0.000675023,0,0.000803434,2.48999E-09,0.000513599,-0.000143076,motion
0.000675023,0,0.000774087,-2.93468E-05,0.000513599,0,motion
0.000601651,-7.33721E-05,0.000895154,0.000121066,0.000656675,0.000143076,motion
0.000601651,0,0.000920835,2.56813E-05,0.000656675,0,motion
0.000568634,-3.30174E-05,0.000939179,1.83438E-05,0.000774071,0.000117396,motion
0.000568634,0,0.000939179,0,0.000774071,0,motion
0.000568634,0,0.000950185,1.10063E-05,0.001115253,0.000341181,motion
0.000601651,3.30174E-05,0.00109693,0.000146745,0.001159277,4.40239E-05,motion
0.000601651,0,0.001085924,-1.10061E-05,0.001173952,1.46751E-05,motion
0.000601651,0,0.000895155,-0.000190768,0.001361052,0.0001871,motion
0.000627331,2.56802E-05,0.000862137,-3.30184E-05,0.001262,-9.90518E-05,none
0.000803424,0.000176093,0.001159291,0.000297154,0.001302355,4.03548E-05,none
0.000803424,0,0.001173964,1.46727E-05,0.001302355,0,none
0.000807093,3.6686E-06,0.001361059,0.000187095,0.001379396,7.70417E-05,none
0.000803424,-3.6686E-06,0.001302359,-5.87003E-05,0.001379396,0,none
0.000645674,-0.00015775,0.00092082,-0.000381539,0.001085911,-0.000293485,none
0.00065668,1.10058E-05,0.00100887,8.80496E-05,0.001085911,0,none
0.000660349,3.6686E-06,0.00100887,0,0.001067568,-1.83431E-05,none
0.000660349,0,0.00100887,0,0.001232655,0.000165086,none
0.000660349,0,0.00089514,-0.00011373,0.001335376,0.000102721,none
0.00049893,-0.000161419,0.00092082,2.56803E-05,0.001302358,-3.30177E-05,none
0.000480587,-1.8343E-05,0.00092082,0,0.001067568,-0.00023479,none
0.00065668,0.000176093,0.00089514,-2.56803E-05,0.00111526,4.76922E-05,none
0.000660349,3.6686E-06,0.00092082,2.56803E-05,0.001390405,0.000275145,none
0.00065668,-3.6686E-06,0.00092082,0,0.001452772,6.23667E-05,none
0.000807093,0.000150413,0.000792416,-0.000128405,0.001390405,-6.23667E-05,none
0.000807093,0,0.000792416,0,0.001361057,-2.93486E-05,none
0.000803424,-3.6686E-06,0.000792416,0,0.001361057,0,none
0.000792418,-1.10058E-05,0.000792416,0,0.001408749,4.76922E-05,none
0.000803424,1.10058E-05,0.000792416,0,0.001302359,-0.00010639,none
0.000792418,-1.10058E-05,0.000803421,1.10059E-05,0.001302359,0,none
0.000601651,-0.000190767,0.00062733,-0.000176092,0.001302359,0,none
0.000675023,7.33721E-05,0.00071538,8.805E-05,0.001302359,0,none
0.000719046,4.40232E-05,0.000480591,-0.000234789,0.001188632,-0.000113727,none
0.000719046,0,0.000425562,-5.50289E-05,0.001155614,-3.30177E-05,none
0.000719046,0,0.000480591,5.50289E-05,0.001155614,0,none
0.000719046,0,0.00042189,-5.87011E-05,0.001214312,5.86975E-05,none
0.000803424,8.43779E-05,0.000454907,3.30173E-05,0.001262004,4.76922E-05,none
0.000880465,7.70407E-05,0.000454907,0,0.001096918,-0.000165086,none
0.000880465,0,0.000480587,2.56802E-05,0.00101254,-8.43782E-05,none
0.000880465,0,0.000454907,-2.56802E-05,0.00101254,0,none
0.000803424,-7.70407E-05,0.000454907,0,0.001096918,8.43782E-05,none
0.000733721,-6.97035E-05,0.000480587,2.56802E-05,0.001027214,-6.9704E-05,none
0.000803424,6.97035E-05,0.000480587,0,0.000719051,-0.000308163,none
0.000733721,-6.97035E-05,0.00049893,1.8343E-05,0.000719051,0,none
0.000719046,-1.46744E-05,0.000509936,1.10059E-05,0.00077408,5.50295E-05,none
0.00065668,-6.23663E-05,0.000509936,0,0.000719051,-5.50295E-05,none
0.00065668,0,0.000509936,0,0.000719051,0,none
0.00065668,0,0.000509936,0,0.000719051,0,none
0.00065668,0,0.000513605,3.66876E-06,0.000719051,0,none
0.00065668,0,0.000509936,-3.66876E-06,0.000719051,0,none
0.00065668,0,0.000509936,0,0.000719051,0,none
0.00065668,0,0.000509936,0,0.000656684,-6.23668E-05,none
0.000572302,-8.43779E-05,0.000513605,3.66876E-06,0.000719051,6.23668E-05,none
0.000509936,-6.23663E-05,0.000509937,-3.66837E-06,0.000719051,0,none
0.000572302,6.23663E-05,0.000513605,3.66837E-06,0.000675027,-4.40231E-05,none
0.000627331,5.50291E-05,0.000513605,0,0.000601655,-7.33721E-05,none
0.000627331,0,0.000513605,0,0.000568638,-3.30177E-05,none
0.000528279,-9.90523E-05,0.000513605,0,0.000454911,-0.000113727,none
0.000528279,0,0.000509936,-3.66876E-06,0.000480591,2.56805E-05,none
0.000572302,4.40232E-05,0.000509936,0,0.000480591,0,none
0.00065668,8.43779E-05,0.000509936,0,0.000363196,-0.000117396,none
0.000719046,6.23663E-05,0.000509936,0,0.000363196,0,none
0.000719046,0,0.000509936,0,0.000366864,3.66864E-06,none
0.000803424,8.43779E-05,0.00049893,-1.10059E-05,0.000363196,-3.66864E-06,none
0.000733721,-6.97035E-05,0.00049893,0,0.00035219,-1.10059E-05,none
0.000803424,6.97035E-05,0.000509936,1.10059E-05,0.00035219,0,none
0.000803424,0,0.00049893,-1.10059E-05,0.00035219,0,none
0.000865791,6.23663E-05,0.000509936,1.10059E-05,0.000333846,-1.83432E-05,none
0.000880465,1.46744E-05,0.00049893,-1.10059E-05,0.000333846,0,none
0.000880465,0,0.000509936,1.10059E-05,0.000308166,-2.56805E-05,none
0.000880465,0,0.000513605,3.66876E-06,0.000333846,2.56805E-05,none
0.000803424,-7.70407E-05,0.000352182,-0.000161423,0.000333846,0,none
0.000803424,0,0.000363188,1.10057E-05,0.000308166,-2.56805E-05,none
0.000803424,0,0.000363188,0,0.000308166,0,none
0.000803424,0,0.000352182,-1.10057E-05,0.000308166,0,none
0.000803424,0,0.000352182,0,0.000308166,0,none
0.000803424,0,0.000363188,1.10057E-05,0.000333846,2.56805E-05,none
0.000865791,6.23663E-05,0.000352182,-1.10057E-05,0.000333846,0,none
0.000865791,0,0.000333839,-1.83428E-05,0.000333846,0,none
0.000803424,-6.23663E-05,0.00030816,-2.568E-05,0.000333846,0,none
0.000803424,0,0.00030816,0,0.000308166,-2.56805E-05,none
0.000803424,0,0.000333839,2.568E-05,0.000308166,0,none
0.000719046,-8.43779E-05,0.000352182,1.83428E-05,0.000275148,-3.30178E-05,none
0.000719046,0,0.000333839,-1.83428E-05,0.000381538,0.00010639,none
0.000774075,5.50291E-05,0.000352182,1.83428E-05,0.000381538,0,none
0.000715378,-5.86977E-05,0.000352182,0,0.000381538,0,none
0.000821767,0.00010639,0.000333839,-1.83428E-05,0.000421893,4.0355E-05,none
0.000715378,-0.00010639,0.000333839,0,0.000421893,0,none
0.000675023,-4.03546E-05,0.00030816,-2.568E-05,0.000528283,0.00010639,none
0.000715378,4.03546E-05,0.00030816,0,0.000528283,0,none
0.000715378,0,0.000421885,0.000113726,0.000572306,4.4023E-05,none
0.000715378,0,0.000454902,3.30171E-05,0.000627335,5.50295E-05,none
0.000748395,3.30174E-05,0.000528273,7.33713E-05,0.000950173,0.000322838,none
0.000774075,2.56802E-05,0.000528273,0,0.000950173,0,none
0.000748395,-2.56802E-05,0.000627325,9.90513E-05,0.000950173,0,none
0.000627331,-0.000121064,0.000627325,0,0.000880469,-6.9704E-05,none
0.000601651,-2.56802E-05,0.000656673,2.93485E-05,0.000803427,-7.70413E-05,none
0.000568634,-3.30174E-05,0.000656673,0,0.000803427,0,none
0.000568634,0,0.000733713,7.70399E-05,0.000719049,-8.43786E-05,none
0.000601651,3.30174E-05,0.000733713,0,0.000719049,0,none
0.000601651,0,0.000656673,-7.70399E-05,0.000774078,5.50292E-05,none
0.00065668,5.50291E-05,0.000656673,0,0.000774078,0,none
0.000660349,3.6686E-06,0.000572296,-8.4377E-05,0.000774078,0,none
0.001507799,0.00084745,0.000656673,8.4377E-05,0.007836154,0.007062076,none
0.01642069,0.014912892,0.02289211,0.022235437,0.036891546,0.029055392,none
0.023079221,0.00665853,0.040541781,0.017649671,0.047526829,0.010635284,none
0.035526807,0.012447586,0.044797361,0.00425558,0.060088158,0.012561329,none
0.039455883,0.003929076,0.050696486,0.005899125,0.061397853,0.001309695,none
0.123837575,0.084381691,0.05988635,0.009189864,0.077935943,0.016538091,tap
0.29690422,0.173066645,0.072697132,0.012810782,0.233070505,0.155134562,tap
0.469156464,0.172252244,0.151278782,0.07858165,0.56720743,0.334136925,tap
0.490948004,0.02179154,0.149987436,-0.001291345,0.577068635,0.009861205,tap
0.495394358,0.004446354,0.150941268,0.000953832,0.577894066,0.000825431,tap
0.495394358,-6.82787E-15,0.15028092,-0.000660348,0.579269789,0.001375723,tap
0.495596132,0.000201773,0.150335945,5.50249E-05,0.579141383,-0.000128405,tap
0.495541103,-5.50291E-05,0.149719618,-0.000616327,0.582410104,0.003268721,tap
0.495541103,-2.27596E-15,0.149161987,-0.00055763,0.582046912,-0.000363192,tap
0.495478736,-6.23663E-05,0.148105428,-0.00105656,0.581753423,-0.000293489,tap
0.495409033,-6.97035E-05,0.147665192,-0.000440236,0.581342538,-0.000410884,tap
0.495350334,-5.86984E-05,0.14666733,-0.000997862,0.580814259,-0.000528279,tap
0.495174241,-0.000176094,0.145643788,-0.001023542,0.581089404,0.000275145,tap
0.494422176,-0.000752064,0.142705241,-0.002938547,0.580447397,-0.000642007,tap
0.493882892,-0.000539285,0.140181241,-0.002524,0.580267639,-0.000179758,tap
0.491340545,-0.002542347,0.136120103,-0.004061138,0.565464802,-0.014802837,tap
0.48051448,-0.010826065,0.126655085,-0.009465018,0.547488602,-0.017976199,tap
0.474996885,-0.005517595,0.117923792,-0.008731293,0.541266645,-0.006221957,tap
0.46216776,-0.012829126,0.116702145,-0.001221647,0.531724574,-0.009542071,tap
0.456591477,-0.005576283,0.114090089,-0.002612056,0.531214634,-0.000509941,tap
0.372231804,-0.084359673,0.108190959,-0.00589913,0.511536225,-0.019678409,tap
0.193321054,-0.17891075,0.096304656,-0.011886303,0.356530026,-0.155006199,tap
0.027041316,-0.166279739,0.009024757,-0.087279899,0.012014677,-0.344515349,tap
0.007175792,-0.019865524,0.008452455,-0.000572302,0.007700397,-0.00431428,tap
0.002124119,-0.005051673,0.003976767,-0.004475687,0.007777438,7.70408E-05,tap
0.001628858,-0.000495261,0.00194803,-0.002028738,0.003008265,-0.004769173,none
0.001115253,-0.000513604,0.001848977,-9.90529E-05,0.002975249,-3.30162E-05,none
0.001115253,0,0.001599511,-0.000249466,0.00227088,-0.000704369,none
0.001115253,0,0.001012535,-0.000586975,0.001775619,-0.000495261,none
0.001067562,-4.76918E-05,0.000675023,-0.000337512,0.001555502,-0.000220117,none
0.001067562,0,0.000568634,-0.00010639,0.001306036,-0.000249466,none
0.001008864,-5.86974E-05,0.000568634,0,0.001096926,-0.00020911,none
0.000895138,-0.000113726,0.000568634,0,0.001096926,0,none
0.00155549,0.000660352,0.00153715,0.000968517,0.001262012,0.000165086,none
0.001893003,0.000337513,0.001683895,0.000146745,0.001262012,0,none
0.001893003,0,0.002069097,0.000385202,0.001361063,9.90507E-05,none
0.001907677,1.4674E-05,0.00214247,7.33724E-05,0.001379406,1.83434E-05,none
0.00197738,6.97031E-05,0.002201166,5.86965E-05,0.00167289,0.000293484,none
0.00197738,0,0.001893003,-0.000308163,0.00167289,0,none
0.002142468,0.000165089,0.002362588,0.000469585,0.002975234,0.001302344,none
0.002182823,4.03543E-05,0.002857853,0.000495265,0.002975234,0,none
0.002289212,0.00010639,0.003121996,0.000264142,0.00329807,0.000322836,none
0.00250933,0.000220117,0.004178556,0.001056561,0.005939484,0.002641414,none
0.002582702,7.33725E-05,0.004387669,0.000209112,0.006086227,0.000146743,none
0.002582702,0,0.004857253,0.000469585,0.006691539,0.000605312,none
0.002681755,9.90524E-05,0.005646004,0.000788751,0.007847154,0.001155615,none
0.002582702,-9.90524E-05,0.005851448,0.000205444,0.007847154,0,none
0.00250933,-7.33725E-05,0.005939494,8.80457E-05,0.008346079,0.000498925,none
0.00211312,-0.000396209,0.005664348,-0.000275146,0.007982887,-0.000363192,none
0.002124126,1.10055E-05,0.005059027,-0.000605321,0.008379099,0.000396213,none
0.003389794,0.001265668,0.004622462,-0.000436565,0.01210273,0.003723631,none
0.004178547,0.000788752,0.004050157,-0.000572305,0.012366867,0.000264136,none
0.004167541,-1.1006E-05,0.003738323,-0.000311834,0.011926633,-0.000440234,none
0.003885057,-0.000282483,0.004002463,0.00026414,0.012121067,0.000194434,none
0.003738312,-0.000146745,0.003683293,-0.000319169,0.012542962,0.000421895,none
0.003738312,0,0.003580571,-0.000102722,0.012766745,0.000223783,none
0.003727307,-1.10056E-05,0.00315501,-0.00042556,0.012542962,-0.000223783,none
0.003830028,0.000102721,0.00315501,0,0.013192305,0.000649343,none
0.003708964,-0.000121064,0.002241523,-0.000913487,0.012620002,-0.000572303,none
0.003503521,-0.000205443,0.002406613,0.00016509,0.012895152,0.00027515,none
0.003562219,5.8698E-05,0.002406613,0,0.01180924,-0.001085912,none
0.003800678,0.000238459,0.002564366,0.000157753,0.011871607,6.23661E-05,none
0.003591566,-0.000209112,0.002417622,-0.000146744,0.01034545,-0.001526157,none
0.003507188,-8.43779E-05,0.002417622,0,0.010488524,0.000143074,none
0.003815351,0.000308163,0.002802826,0.000385205,0.012073364,0.00158484,none
0.00373831,-7.70407E-05,0.00258271,-0.000220116,0.011005796,-0.001067568,none
0.004031798,0.000293488,0.002626734,4.40242E-05,0.010928756,-7.70395E-05,none
0.004196886,0.000165088,0.002417625,-0.000209109,0.010312436,-0.00061632,none
0.004237241,4.03546E-05,0.002479992,6.23674E-05,0.010550893,0.000238457,none
0.004149195,-8.8046E-05,0.002623067,0.000143075,0.009450307,-0.001100586,none
0.003169677,-0.000979517,0.002039757,-0.00058331,0.006148565,-0.003301742,none
0.002700093,-0.000469585,0.001801298,-0.000238459,0.005411182,-0.000737383,none
0.002535006,-0.000165087,0.001555502,-0.000245796,0.005150714,-0.000260469,none
0.002094771,-0.000440235,0.001188642,-0.000366861,0.005323139,0.000172425,none
0.002094771,0,0.00108592,-0.000102722,0.004035454,-0.001287685,none
0.001892999,-0.000201773,0.00108592,0,0.004035454,0,none
0.002124121,0.000231122,0.00153716,0.00045124,0.005411179,0.001375725,none
0.002124121,0,0.001540828,3.66845E-06,0.005323132,-8.80464E-05,none
0.002039743,-8.43779E-05,0.00153716,-3.66845E-06,0.005297452,-2.56807E-05,none
0.001948028,-9.17151E-05,0.00153716,0,0.005557925,0.000260474,none
0.002182818,0.000234791,0.00232958,0.00079242,0.005645975,8.805E-05,none
0.002182818,0,0.00232958,0,0.005855085,0.000209109,none
0.001801285,-0.000381534,0.002289225,-4.03551E-05,0.006086209,0.000231124,none
0.001834302,3.30174E-05,0.0029349,0.000645675,0.005664325,-0.000421884,none
0.001834302,0,0.003151348,0.000216448,0.004827887,-0.000836438,none
0.001672883,-0.000161419,0.003066969,-8.43792E-05,0.004827887,0,none
0.001672883,0,0.003316435,0.000249466,0.004970964,0.000143077,none
0.001683889,1.10058E-05,0.003316435,0,0.004970964,0,none
0.001801285,0.000117395,0.00335679,4.03548E-05,0.004178549,-0.000792415,none
0.001801285,0,0.003415489,5.86989E-05,0.004295945,0.000117396,none
0.001966372,0.000165087,0.003415489,0,0.004417009,0.000121064,none
0.001537145,-0.000429227,0.0030633,-0.000352189,0.004295945,-0.000121064,none
0.001537145,0,0.002802827,-0.000260473,0.00388873,-0.000407214,none
0.00165454,0.000117395,0.002700104,-0.000102723,0.004020801,0.00013207,none
0.001537145,-0.000117395,0.00271111,1.10061E-05,0.004002459,-1.83415E-05,none
0.001390401,-0.000146744,0.002270873,-0.000440237,0.004002459,0,none
0.001247325,-0.000143076,0.002270873,0,0.003155013,-0.000847446,none
0.001247325,0,0.002113121,-0.000157752,0.003155013,0,none
0.001243657,-3.6686E-06,0.002215842,0.000102721,0.003155013,0,none
0.0025827,0.001339044,0.002920215,0.000704373,0.005998177,0.002843164,none
0.002828497,0.000245796,0.002681756,-0.000238459,0.006075217,7.70397E-05,none
0.002876189,4.76919E-05,0.002626727,-5.50286E-05,0.006295333,0.000220117,none
0.005469896,0.002593707,0.005117711,0.002490984,0.008056261,0.001760927,none
0.012238484,0.006768588,0.010330802,0.005213091,0.016347303,0.008291042,none
0.012341204,0.000102721,0.010727011,0.00039621,0.016358308,1.1005E-05,none
0.012414576,7.33718E-05,0.010605949,-0.000121063,0.015595242,-0.000763066,none
0.014219532,0.001804956,0.01180925,0.001203301,0.015716307,0.000121064,none
0.013922375,-0.000297157,0.011721205,-8.80447E-05,0.015496189,-0.000220117,none
0.014890888,0.000968513,0.012102742,0.000381536,0.018089897,0.002593707,none
0.015243075,0.000352187,0.011974335,-0.000128407,0.017825757,-0.00026414,none
0.014806512,-0.000436564,0.011137889,-0.000836446,0.017297477,-0.00052828,none
0.014274564,-0.000531948,0.010605943,-0.000531945,0.016769195,-0.000528283,none
0.013221674,-0.00105289,0.009156838,-0.001449105,0.017154398,0.000385203,none
0.01180926,-0.001412414,0.009376953,0.000220115,0.016358309,-0.000796088,none
0.011134236,-0.000675024,0.008804649,-0.000572303,0.016361978,3.6688E-06,none
0.010492229,-0.000642007,0.007792115,-0.001012534,0.016182213,-0.000179766,none
0.009919926,-0.000572304,0.007847144,5.5029E-05,0.018970351,0.002788138,none
0.011504766,0.001584841,0.006350355,-0.001496789,0.016890251,-0.0020801,none
0.010400514,-0.001104252,0.006001838,-0.000348517,0.016328949,-0.000561302,none
0.011592811,0.001192297,0.006937332,0.000935494,0.01606481,-0.000264139,none
0.011460739,-0.000132072,0.006086216,-0.000851116,0.014157134,-0.001907676,none
0.009725488,-0.001735251,0.004589424,-0.001496792,0.014762453,0.000605319,none
0.009817203,9.17151E-05,0.004490371,-9.90524E-05,0.014802808,4.03549E-05,none
0.009021113,-0.00079609,0.004020788,-0.000469583,0.016728816,0.001926008,none
0.009611759,0.000590646,0.006790593,0.002769805,0.017385501,0.000656686,none
0.009611759,0,0.009167857,0.002377264,0.018181585,0.000796084,none
0.010987488,0.00137573,0.011504765,0.002336908,0.019018027,0.000836442,none
0.010312463,-0.000675026,0.011662515,0.00015775,0.019498617,0.00048059,none
0.011093878,0.000781415,0.012513631,0.000851116,0.019146426,-0.000352191,none
0.012326531,0.001232654,0.013045579,0.000531948,0.021171496,0.002025071,none
0.012953865,0.000627333,0.0132767,0.000231121,0.021424628,0.000253131,none
0.013482145,0.000528281,0.01324735,-2.93499E-05,0.021424628,0,none
0.013515163,3.30172E-05,0.013339066,9.17159E-05,0.021116466,-0.000308162,none
0.043329933,0.02981477,0.012807117,-0.000531949,0.020999069,-0.000117397,none
0.043803184,0.000473251,0.012807117,0,0.020999069,0,none
0.043770166,-3.30173E-05,0.012542977,-0.00026414,0.021024754,2.56855E-05,none
0.043568393,-0.000201773,0.01192665,-0.000616326,0.018970332,-0.002054422,none
0.038945943,-0.00462245,0.011299319,-0.000627331,0.018970332,0,none
0.037581221,-0.001364722,0.010286783,-0.001012536,0.016358288,-0.002612044,none
0.034114386,-0.003466834,0.007351898,-0.002934885,0.015863027,-0.000495261,none
0.031296895,-0.002817491,0.006379718,-0.00097218,0.012473241,-0.003389786,none
0.025955396,-0.005341499,0.0047105,-0.001669218,0.009171503,-0.003301738,none
0.023479084,-0.002476312,0.003301757,-0.001408743,0.00842311,-0.000748393,none
0.02317092,-0.000308164,0.003298088,-3.66874E-06,0.007410581,-0.001012529,none
0.02317092,0,0.003008264,-0.000289824,0.007260166,-0.000150415,none
0.023079205,-9.17151E-05,0.002553354,-0.00045491,0.006955673,-0.000304493,none
0.02317092,9.17151E-05,0.002069095,-0.000484259,0.00693733,-1.83428E-05,none
0.022466546,-0.000704374,0.002124123,5.50281E-05,0.00693733,0,none
0.022345482,-0.000121064,0.002274535,0.000150412,0.007113425,0.000176095,none
0.022363825,1.8343E-05,0.00241761,0.000143075,0.006808931,-0.000304493,none
0.022231755,-0.00013207,0.002535005,0.000117395,0.006808931,0,none
0.022070337,-0.000161419,0.002681752,0.000146747,0.006970351,0.00016142,none
0.021072473,-0.000997863,0.001599512,-0.00108224,0.006515446,-0.000454905,none
0.000880465,-0.020192008,0.00174259,0.000143078,0.006618168,0.000102722,none
0.000950168,6.97035E-05,0.001379397,-0.000363192,0.006056872,-0.000561296,none
0.000865791,-8.43779E-05,0.001247327,-0.00013207,0.006056872,0,none
0.000950168,8.43779E-05,0.001247327,0,0.00473618,-0.001320692,none
0.000950168,0,0.00079242,-0.000454907,0.003066966,-0.001669214,none
0.000950168,0,0.000774076,-1.8343E-05,0.001948044,-0.001118922,none
0.000865791,-8.43779E-05,0.000748396,-2.56802E-05,0.00184899,-9.90539E-05,none
0.000774075,-9.17151E-05,0.000715379,-3.30173E-05,0.001507809,-0.000341181,none
0.000675023,-9.90523E-05,0.000748396,3.30173E-05,0.001507809,0,none
0.000675023,0,0.000748396,0,0.001096924,-0.000410885,none
0.001012536,0.000337513,0.000920821,0.000172425,0.000939174,-0.00015775,none
0.001012536,0,0.000939164,1.8343E-05,0.000939174,0,none
0.001012536,0,0.000920821,-1.8343E-05,0.000920831,-1.83434E-05,none
0.000968513,-4.40232E-05,0.000895141,-2.56801E-05,0.000920831,0,none
0.000920821,-4.76919E-05,0.000895141,0,0.000920831,0,none
0.000920821,0,0.000920821,2.56801E-05,0.001008879,8.80477E-05,none
0.00095017,2.93488E-05,0.000920821,0,0.000968523,-4.03554E-05,none
0.000880466,-6.97035E-05,0.000920821,0,0.000968523,0,none
0.001067567,0.0001871,0.000803423,-0.000117398,0.001155622,0.000187098,none
0.001008869,-5.86978E-05,0.000950168,0.000146744,0.001408755,0.000253133,none
0.000895142,-0.000113727,0.000792415,-0.000157753,0.001408755,0,none
0.000792421,-0.000102721,0.000774072,-1.8343E-05,0.001507809,9.90538E-05,none
0.000792421,0,0.000748392,-2.56801E-05,0.001452779,-5.503E-05,none
0.000895142,0.000102721,0.000748392,0,0.001537158,8.43791E-05,none
0.000895142,0,0.000748392,0,0.001537158,0,none
0.000920822,2.56802E-05,0.000715375,-3.30173E-05,0.001537158,-1.91538E-10,none
0.000920822,0,0.000715375,0,0.0016142,7.7042E-05,none
0.001041886,0.000121064,0.00067502,-4.03544E-05,0.001599525,-1.46748E-05,none
0.001041886,0,0.00067502,0,0.001262012,-0.000337513,none
0.001041886,0,0.000568631,-0.00010639,0.001262012,0,none
0.000920821,-0.000121065,0.000454904,-0.000113727,0.001262012,0,none
0.000920821,0,0.000454904,0,0.001361066,9.90539E-05,none
0.000968513,4.76918E-05,0.000528276,7.33726E-05,0.001595857,0.000234791,none
0.000862123,-0.00010639,0.0005723,4.40238E-05,0.001555501,-4.03554E-05,none
0.000895141,3.30174E-05,0.000586975,1.46751E-05,0.001555501,0,none
0.000895141,0,0.000586975,0,0.001507809,-4.76927E-05,none
0.000862123,-3.30174E-05,0.000572301,-1.46737E-05,0.001555501,4.76927E-05,none
0.000862123,0,0.000480587,-9.17144E-05,0.001555501,0,none
0.000675023,-0.0001871,0.000480587,0,0.00118864,-0.000366862,none
0.000719046,4.40232E-05,0.000425558,-5.50292E-05,0.000968523,-0.000220117,none
0.000719046,0,0.000333843,-9.17144E-05,0.000862132,-0.000106391,none
0.000733721,1.46744E-05,0.000333843,0,0.001041893,0.000179761,none
0.000803424,6.97035E-05,0.000425558,9.17144E-05,0.001155622,0.000113728,none
0.000803424,0,0.000425558,0,0.001335383,0.000179761,none
0.000865791,6.23663E-05,0.000425558,0,0.001449111,0.000113728,none
0.000865791,0,0.000425558,0,0.001449111,0,none
0.000950168,8.43779E-05,0.000333843,-9.17144E-05,0.001449111,0,none
0.000950168,0,0.000333843,0,0.001449111,0,none
0.001027209,7.70407E-05,0.000425558,9.17144E-05,0.001555502,0.000106391,none
0.001027209,0,0.000425558,0,0.001595858,4.03556E-05,none
0.001012535,-1.46744E-05,0.000425558,0,0.001595858,0,none
0.001012535,0,0.000425558,0,0.00150781,-8.80473E-05,none
0.000950168,-6.23663E-05,0.000363191,-6.23665E-05,0.001302368,-0.000205442,none
0.001012535,6.23663E-05,0.000363191,0,0.001302368,0,none
0.000950168,-6.23663E-05,0.000293488,-6.97037E-05,0.001302368,0,none
0.001027209,7.70407E-05,0.00036319,6.97029E-05,0.001335386,3.30181E-05,none
0.001027209,0,0.000278812,-8.43782E-05,0.001408759,7.33728E-05,none
0.001027209,0,0.000278812,0,0.001361066,-4.76928E-05,none
0.000950168,-7.70407E-05,0.000333841,5.50285E-05,0.002054431,0.000693365,none
0.001507798,0.00055763,0.000656678,0.000322838,0.002333246,0.000278815,none
0.001507798,0,0.000656678,0,0.002641409,0.000308164,none
0.001408746,-9.90523E-05,0.000733719,7.70409E-05,0.002417625,-0.000223784,none
0.001335374,-7.33722E-05,0.000719046,-1.46736E-05,0.002417625,0,none
0.001232653,-0.000102721,0.000774075,5.50292E-05,0.002186503,-0.000231122,none
0.001232653,0,0.000774075,0,0.002201178,1.46743E-05,none
0.00121431,-1.8343E-05,0.000774075,0,0.002124136,-7.70417E-05,none
0.00118863,-2.56802E-05,0.000821767,4.76919E-05,0.002124136,-3.83075E-10,none
0.001262002,7.33722E-05,0.000920818,9.90517E-05,0.002054431,-6.97044E-05,none
0.00118863,-7.33722E-05,0.000821767,-9.90517E-05,0.001977389,-7.70421E-05,none
0.001155612,-3.30174E-05,0.000821767,0,0.001977389,0,none
0.001115258,-4.03546E-05,0.000821767,0,0.001977389,0,none
0.00121431,9.90523E-05,0.000821767,0,0.001907685,-6.97044E-05,none
0.001262002,4.76918E-05,0.000920818,9.90517E-05,0.00197739,6.97048E-05,none
0.001262002,0,0.000865789,-5.50291E-05,0.002054431,7.70417E-05,none
0.001361054,9.90523E-05,0.000950167,8.43773E-05,0.002124136,6.97048E-05,none
0.001361054,0,0.000865789,-8.43773E-05,0.002039757,-8.4379E-05,none
0.001683891,0.000322837,0.001173955,0.000308166,0.002039757,0,none
0.001760932,7.70407E-05,0.001243658,6.97029E-05,0.002039757,0,none
0.001760932,0,0.001173955,-6.97029E-05,0.001390415,-0.000649342,none
0.001115256,-0.000645677,0.00092082,-0.000253135,0.001096926,-0.000293489,none
0.001115256,0,0.000968512,4.76914E-05,0.000803437,-0.000293489,none
0.00115561,4.03546E-05,0.000895139,-7.33726E-05,0.000803437,0,none
0.001041884,-0.000113727,0.000774075,-0.000121064,0.001012547,0.00020911,none
0.00092082,-0.000121064,0.000656679,-0.000117396,0.001027221,1.46745E-05,none
0.000895139,-2.56802E-05,0.000660348,3.66849E-06,0.001027221,0,none
0.000895139,0,0.000656679,-3.66864E-06,0.001096926,6.97045E-05,none
0.001008866,0.000113727,0.000498929,-0.00015775,0.001096926,0,none
0.000968511,-4.03546E-05,0.000660348,0.000161419,0.001159293,6.23671E-05,none
0.000862122,-0.00010639,0.000660348,0,0.001467457,0.000308164,none
0.000862122,0,0.000660348,0,0.001390415,-7.70421E-05,none
0.000895139,3.30174E-05,0.000656679,-3.66864E-06,0.001390415,3.83075E-10,none
0.000895139,0,0.000645673,-1.10058E-05,0.001390415,0,none
0.000774075,-0.000121064,0.000656679,1.10058E-05,0.001361066,-2.93489E-05,none
0.00065668,-0.000117395,0.000645673,-1.10058E-05,0.001361066,0,none
0.00065668,0,0.000645673,0,0.001361066,0,none
0.000645674,-1.10058E-05,0.000645673,0,0.001361066,0,none
0.000454907,-0.000190767,0.000509932,-0.000135741,0.001262013,-9.90537E-05,none
0.000421889,-3.30174E-05,0.000513601,3.66851E-06,0.001262013,0,none
0.000454907,3.30174E-05,0.000645673,0.000132072,0.001361066,9.90537E-05,none
0.000421889,-3.30174E-05,0.000645673,0,0.001361066,0,none
0.000454907,3.30174E-05,0.000645673,0,0.001452783,9.17163E-05,none
0.000454907,0,0.000645673,0,0.001361066,-9.17163E-05,none
0.000454907,0,0.00062733,-1.83429E-05,0.001173968,-0.000187098,none
0.000480587,2.56802E-05,0.00062733,0,0.001096926,-7.70418E-05,none
0.00049893,1.8343E-05,0.00062733,0,0.001096926,0,none
0.000509936,1.10058E-05,0.00062733,0,0.001096926,0,none
0.000363192,-0.000146744,0.00060165,-2.568E-05,0.001096926,0,none
0.000352186,-1.10058E-05,0.000480588,-0.000121062,0.00132071,0.000223784,none
0.000352186,0,0.000480588,0,0.001096926,-0.000223784,none
0.000352186,0,0.00042556,-5.50288E-05,0.001159293,6.23673E-05,none
0.000363192,1.10058E-05,0.00042556,0,0.001067577,-9.17164E-05,none
0.00036686,3.6686E-06,0.000480588,5.50288E-05,0.001067577,0,none
0.00036686,0,0.000480588,0,0.001008879,-5.86984E-05,none
0.000363192,-3.6686E-06,0.000480588,0,0.001008879,0,none
0.000480587,0.000117395,0.00052828,4.76916E-05,0.00118864,0.000179761,none
0.000480587,0,0.00052828,0,0.001302368,0.000113728,none
0.00065668,0.000176093,0.000627334,9.90541E-05,0.00150781,0.000205442,none
0.000660349,3.6686E-06,0.000627334,0,0.00150781,0,none
0.063452263,0.015921762,0.007938881,0.000121063,0.045853969,0.006896971,tap
0.095897432,0.032445169,0.050403058,0.042464176,0.245543634,0.199689665,tap
0.386583302,0.290685871,0.227585899,0.177182841,1.076791679,0.831248044,tap
0.432349192,0.04576589,0.230018196,0.002432297,1.274929656,0.198137977,tap
0.435405142,0.00305595,0.234262776,0.00424458,1.286870986,0.01194133,tap
0.436927614,0.001522472,0.233980292,-0.000282484,1.287135126,0.00026414,tap
0.43775305,0.000825437,0.233470356,-0.000509936,1.289218892,0.002083767,tap
0.438512452,0.000759402,0.232278058,-0.001192298,1.290631307,0.001412415,tap
0.43883529,0.000322838,0.230164939,-0.002113119,1.291643846,0.001012539,tap
0.43883529,-3.06461E-10,0.228569095,-0.001595844,1.291390714,-0.000253131,tap
0.439880842,0.001045553,0.22778768,-0.000781415,1.29177592,0.000385206,tap
0.440878703,0.000997861,0.226643075,-0.001144605,1.29200704,0.00023112,tap
0.441040122,0.000161419,0.22465102,-0.001992055,1.291291663,-0.000715377,tap
0.440878703,-0.000161419,0.223433042,-0.001217977,1.291291663,-1.82077E-14,tap
0.440981424,0.000102721,0.222185717,-0.001247326,1.291291663,1.82077E-14,tap
0.440948407,-3.30173E-05,0.220479814,-0.001705903,1.291291663,0,tap
0.438457421,-0.002490986,0.220909042,0.000429228,1.291126575,-0.000165087,tap
0.411452788,-0.027004634,0.217093679,-0.003815362,1.281881654,-0.009244921,tap
0.410502617,-0.00095017,0.218135564,0.001041885,1.268146395,-0.01373526,tap
0.395692444,-0.014810173,0.204631402,-0.013504163,1.25150554,-0.016640854,tap
0.381164754,-0.01452769,0.202576985,-0.002054416,1.247180262,-0.004325278,tap
0.347637346,-0.033527408,0.178866743,-0.023710243,1.014131935,-0.233048327,tap
0.041216813,-0.306420533,0.014879881,-0.163986862,0.206674826,-0.807457109,tap
0.008525842,-0.032690971,0.011926642,-0.002953239,0.01826599,-0.188408836,tap
0.00188933,-0.006636511,0.005224093,-0.00670255,0.007553646,-0.010712344,tap
0.000627337,0,0.000381534,-9.90542E-05,0.001012524,-1.46743E-05,motion
0.001188635,0.000561297,0.000480588,9.90542E-05,0.014509339,0.013496815,motion
0.001262006,7.33719E-05,0.003121992,0.002641404,0.080577341,0.066068002,motion
0.005488247,0.00422624,0.006691544,0.003569552,0.091847295,0.011269954,motion
0.009520048,0.004031801,0.015320112,0.008628568,0.103249333,0.011402038,motion
0.010037322,0.000517274,0.015771353,0.00045124,0.105582567,0.002333234,motion
0.022539944,0.012502622,0.020690957,0.004919605,0.120165316,0.014582749,motion
0.02399271,0.001452766,0.028655513,0.007964556,0.125301389,0.005136073,motion
0.143409597,0.119416887,0.343807419,0.315151906,0.617779255,0.492477866,motion
0.375650901,0.232241304,0.504360413,0.160552994,1.625674602,1.007895347,motion
0.393550036,0.017899135,0.503347879,-0.001012534,1.740740605,0.115066003,motion
0.406698328,0.013148292,0.534923607,0.031575727,1.833317952,0.092577347,motion
0.406760695,6.23666E-05,0.539502023,0.004578417,1.833659125,0.000341173,motion
0.408576656,0.001815961,0.543816301,0.004314278,1.833992971,0.000333846,motion
0.410073447,0.001496791,0.553354681,0.00953838,1.851250119,0.017257148,motion
0.410077116,3.66874E-06,0.560651539,0.007296858,1.851250119,-9.10383E-15,motion
0.412186564,0.002109448,0.610823469,0.05017193,1.882213184,0.030963066,motion
0.41403554,0.001848976,0.656222537,0.045399067,1.909654383,0.027441199,motion
0.805567849,0.391532309,0.662737987,0.00651545,1.909654383,0,motion
1.054281199,0.248713351,0.673351268,0.010613282,1.91127224,0.001617857,motion
1.250540781,0.196259582,0.716318029,0.042966761,2.053463847,0.142191606,motion
0.354842569,0,4.198719429,0,1.16815827,0,motion
0.536977989,0.18213542,4.723935878,0.525216449,1.204785682,0.036627411,motion
0.782602375,0.245624386,5.761712053,1.037776175,1.311689085,0.106903404,motion
1.216932668,0.434330294,6.989302067,1.227590014,1.476380256,0.164691171,motion
1.57029676,0.353364092,7.929243782,0.939941715,1.611586793,0.135206537,motion
1.618924168,0.048627408,8.481296031,0.552052249,1.63788716,0.026300367,motion
1.905857087,0.28693292,10.29435199,1.813055959,1.759945409,0.122058249,motion
2.034386825,0.128529738,10.40312993,0.108777935,1.86621755,0.106272141,motion
1.996911984,-0.037474842,10.08075089,-0.322379034,1.710286968,-0.155930583,motion
1.922861114,-0.07405087,9.308229862,-0.77252103,1.530249949,-0.180037019,motion
1.859324479,-0.063536635,8.438255969,-0.869973893,1.353731199,-0.17651875,motion
1.815668036,-0.043656443,7.376292782,-1.061963187,1.109897102,-0.243834097,motion
1.715628732,-0.100039304,6.130609096,-1.245683685,0.950092484,-0.159804618,motion
1.556704598,-0.158924134,4.572862668,-1.557746428,0.839142781,-0.110949704,motion
1.297700778,-0.25900382,3.006806664,-1.566056004,0.732122206,-0.107020575,motion
0.971242256,-0.326458522,2.403214024,-0.60359264,0.558142057,-0.173980148,motion
0.661505256,-0.309737,1.59107576,-0.812138264,0.53683102,-0.021311038,motion
0.632831408,-0.028673848,1.595180931,0.004105171,0.498270298,-0.038560721,motion
0.575164539,-0.057666869,1.249234753,-0.345946178,0.558285088,0.06001479,motion
0.677885595,0.102721056,1.421200816,0.171966063,0.840991766,0.282706678,motion
0.825935989,0.148050394,1.946065059,0.524864244,0.845140971,0.004149204,motion
0.852232579,0.02629659,2.082463968,0.136398908,0.850159666,0.005018695,motion
0.846641619,-0.00559096,2.210498418,0.12803445,0.871529335,0.021369669,motion
0.792360886,-0.054280733,2.224996753,0.014498336,0.864603003,-0.006926331,motion
0.706614492,-0.085746394,2.18753293,-0.037463823,0.859551317,-0.005051687,motion
0.707671052,0.00105656,2.174821211,-0.012711719,0.860138296,0.000586979,motion
0.602150856,-0.105520196,1.204811632,-0.97000958,0.815968249,-0.044170047,motion
0.539857865,-0.062292991,0.98657707,-0.218234562,0.739661238,-0.076307011,motion
0.539942243,8.43779E-05,0.829909122,-0.156667948,0.74309506,0.003433822,motion
0.539432304,-0.000509939,0.77864031,-0.051268812,0.742071516,-0.001023544,motion
0.517361949,-0.022070355,0.759325069,-0.019315241,0.720588138,-0.021483378,motion
0.478133503,-0.039228446,0.745208257,-0.014116812,0.664645533,-0.055942605,motion
0.451807562,-0.026325941,0.719704083,-0.025504175,0.577332668,-0.087312864,motion
0.404027589,-0.047779972,0.648155205,-0.071548878,0.580065769,0.002733101,motion
0.310727519,-0.09330007,0.542935826,-0.105219379,0.481244423,-0.098821346,motion
0.289379878,-0.021347641,0.405219903,-0.137715923,0.448432388,-0.032812035,motion
0.292593577,0.003213699,0.216811145,-0.188408758,0.427084809,-0.021347579,motion
0.237854261,-0.054739317,0.197000654,-0.019810491,0.425030387,-0.002054422,motion
0.223286216,-0.014568045,0.145922611,-0.051078043,0.321586623,-0.103443765,motion
0.166921708,-0.056364507,0.137569185,-0.008353426,0.085445571,-0.236141052,motion
0.075191808,-0.091729901,0.021512733,-0.116056453,0.06842324,-0.01702233,motion
0.066897083,-0.008294725,0.010253766,-0.011258966,0.05917831,-0.00924493,motion
0.06228931,-0.004607772,0.009461347,-0.000792419,0.017209437,-0.041968873,motion
0.045032173,-0.017257138,0.00916786,-0.000293488,0.011431396,-0.005778041,motion
0.041363562,-0.003668611,0.010873761,0.001705901,0.018255017,0.006823621,motion
0.04659133,0.005227768,0.011280974,0.000407213,0.017796444,-0.000458573,motion
0.036157806,-0.010433524,0.01461574,0.003334766,0.021952991,0.004156547,motion
0.038975297,0.002817491,0.01461574,0,0.020309458,-0.001643533,motion
0.035790945,-0.003184352,0.014421303,-0.000194437,0.019439993,-0.000869465,motion
0.018181628,0.003466837,0.012091734,0.003052284,0.011721241,0.001375721,motion
0.028042849,0.009861221,0.012660371,0.000568637,0.013129991,0.001408751,motion
0.034572976,0.006530127,0.017976182,0.005315811,0.13917239,0.126042399,motion
0.239648217,0.205075241,0.155824151,0.137847969,0.260071464,0.120899074,motion
0.410576055,0.170927838,0.374653021,0.21882887,0.560310497,0.300239033,motion
0.439833211,0.029257156,0.404761294,0.030108273,0.560108726,-0.000201771,motion
0.508216081,0.06838287,0.430122386,0.025361093,0.606949493,0.046840766,motion
0.724693359,0.216477278,0.556513324,0.126390938,0.707674819,0.100725327,motion
0.877894457,0.153201097,0.618732951,0.062219626,0.836575102,0.128900283,motion
1.145398427,0.26750397,0.682548398,0.063815447,0.827418238,-0.009156865,motion
1.446459196,0.301060769,0.800285042,0.117736643,0.859702002,0.032283764,motion
1.494884825,0.048425629,0.966058484,0.165773443,1.109134364,0.249432362,motion
1.963186507,0.468301682,1.103444207,0.137385722,1.310441976,0.201307612,motion
2.548597398,0.58541089,1.297161407,0.1937172,1.547111267,0.23666929,motion
2.634927143,0.086329745,1.276910704,-0.020250703,1.67324905,0.126137783,motion
2.611092211,-0.023834932,1.211462718,-0.065447985,1.665442188,-0.007806862,motion
2.543707206,-0.067385004,1.400363058,0.18890034,1.701189219,0.035747031,motion
2.853811074,0.310103868,1.383722238,-0.016640821,1.692589937,-0.008599281,motion
2.690176452,-0.163634622,1.337204243,-0.046517994,1.676334281,-0.016255656,motion
2.318454617,-0.371721835,1.277684705,-0.059519538,1.662598974,-0.013735307,motion
2.059322409,-0.259132208,1.312551161,0.034866456,1.541736696,-0.120862278,motion
1.525172911,-0.534149498,1.245987944,-0.066563217,1.456859799,-0.084876897,motion
1.16982778,-0.355345132,1.177810551,-0.068177392,0.986015811,-0.470843988,motion
1.113565982,-0.056261797,1.335942281,0.15813173,1.12947674,0.143460929,motion
1.054064818,-0.059501164,1.448201707,0.112259426,1.121846014,-0.007630726,motion
0.790992525,-0.263072292,1.455615974,0.007414267,1.027779213,-0.094066802,motion
0.601343768,-0.189648757,1.479784797,0.024168823,1.011053992,-0.01672522,motion
0.552679666,-0.048664102,1.553876011,0.074091214,1.018446225,0.007392233,motion
0.471383274,-0.081296392,1.572494244,0.018618233,1.029499742,0.011053516,motion
0.454232527,-0.017150748,1.58708062,0.014586377,0.852038087,-0.177461655,motion
0.455828373,0.001595847,1.61682937,0.02974875,0.8058136,-0.046224487,motion
0.361794559,-0.094033815,1.646247953,0.029418583,0.825128833,0.019315233,motion
0.347872177,-0.013922382,1.650474187,0.004226234,0.821808742,-0.00332009,motion
0.268101969,-0.079770208,1.611986819,-0.038487368,0.804962482,-0.016846261,motion
0.267969899,-0.00013207,1.634570802,0.022583983,0.799063363,-0.005899119,motion
0.264062835,-0.003907064,1.527825267,-0.106745535,0.794749079,-0.004314284,motion
0.257771174,-0.006291661,0.949857912,-0.577967356,0.79601108,0.001262001,motion
0.116555393,-0.141215781,0.660125835,-0.289732076,0.521951366,-0.274059714,motion
0.094925263,-0.02163013,0.342574693,-0.317551142,0.150042399,-0.371908967,motion
0.056658002,-0.038267261,0.093545859,-0.249028834,0.170351812,0.020309413,motion
0.05647824,-0.000179762,0.098260016,0.004714157,0.146491191,-0.023860621,motion
0.056335163,-0.000143077,0.07764242,-0.020617596,0.123481696,-0.023009495,motion
0.041147113,0.008291058,0.027074316,0.000297155,0.04802573,0.01787344,tap
0.037845373,-0.00330174,0.035600163,0.008525848,0.056125994,0.008100264,tap
0.484472865,0.446627492,0.772770466,0.737170303,0.980615452,0.924489459,tap
0.508014333,0.023541469,0.783156298,0.010385832,1.368978165,0.388362713,tap
1.250683912,0.742669579,1.210846516,0.427690218,1.520341296,0.151363131,tap
1.283613355,0.032929443,1.219827269,0.008980752,1.720647319,0.200306023,tap
1.312404599,0.028791244,1.245184698,0.025357429,1.725772351,0.005125032,tap
1.312668738,0.000264139,1.244755471,-0.000429227,1.725772351,0,tap
1.331983964,0.019315226,1.251036133,0.006280662,1.725460521,-0.00031183,tap
1.331983964,0,1.251652459,0.000616326,1.730614931,0.00515441,tap
1.335285705,0.003301741,1.254165451,0.002512992,1.736495724,0.005880792,tap
1.337468527,0.002182822,1.254972543,0.000807093,1.738025531,0.001529807,tap
1.337351132,-0.000117395,1.254792782,-0.000179762,1.737640331,-0.0003852,tap
1.337061312,-0.00028982,1.254458939,-0.000333843,1.737640331,2.73115E-14,tap
1.3369109,-0.000150412,1.254458939,2.22045E-15,1.737394536,-0.000245795,tap
1.336441318,-0.000469581,1.254293851,-0.000165088,1.736613126,-0.000781409,tap
1.324455968,-0.011985351,1.25250357,-0.001790281,1.711905059,-0.024708068,tap
1.325611579,0.001155611,1.224504759,-0.02799881,1.698874159,-0.013030899,tap
1.314899242,-0.010712337,1.223349152,-0.001155608,1.700954257,0.002080097,tap
1.313714288,-0.001184954,1.221863366,-0.001485786,1.704622876,0.003668619,tap
1.303955787,-0.009758501,1.221793662,-6.9704E-05,1.693939898,-0.010682977,tap
1.304425368,0.000469581,1.217314289,-0.004479373,1.688363625,-0.005576274,tap
0.782793178,-0.52163219,0.438090705,-0.779223584,0.703345741,-0.985017883,tap
0.719399606,-0.063393572,0.403620453,-0.034470252,0.377206338,-0.326139403,tap
0.089437021,-0.629962585,0.042277041,-0.361343412,0.188214272,-0.188992066,tap
0.279313208,0.012810783,0.203163956,0.025181333,0.36106085,0.032588252,tap
0.34183731,0.062524101,0.215919716,0.012755761,0.36120759,0.00014674,tap
0.398719085,0.056881775,0.32021095,0.104291234,1.404765386,1.043557796,tap
0.39437178,-0.004347304,0.456507045,0.136296095,4.478678198,3.073912812,tap
0.584523164,0.190151384,0.475070225,0.018563179,4.48366749,0.004989292,tap
0.665555402,0.081032238,0.477887725,0.0028175,4.536910051,0.053242561,tap
0.665555402,4.55191E-15,0.476900867,-0.000986858,4.549940961,0.01303091,tap
0.666879766,0.001324364,0.473760531,-0.003140336,4.549823571,-0.00011739,tap
0.65990941,-0.006970356,0.469710382,-0.004050149,4.551701899,0.001878328,tap
0.650587479,-0.009321932,0.464020366,-0.005690017,4.565404152,0.013702252,tap
0.64199193,-0.008595548,0.458737564,-0.005282801,4.568151953,0.002747801,tap
0.628961039,-0.013030892,0.452189092,-0.006548472,4.572477246,0.004325293,tap
0.61915485,-0.009806189,0.446025823,-0.006163269,4.577319837,0.004842591,tap
0.608295773,-0.010859077,0.439191198,-0.006834625,4.579759468,0.00243963,tap
0.541116198,-0.067179576,0.39936109,-0.039830109,4.33029404,-0.249465428,tap
0.467146022,-0.073970175,0.338612583,-0.060748507,4.295662381,-0.03463166,tap
0.467509216,0.000363193,0.338608915,-3.66849E-06,4.298435861,0.002773481,tap
0.454214183,-0.013295033,0.338608915,0,4.298201066,-0.000234795,tap
0.436564507,-0.017649676,0.330068393,-0.008540521,4.292257915,-0.005943151,tap
0.416842068,-0.019722439,0.314854676,-0.015213717,4.272535488,-0.019722427,tap
0.412146245,-0.004695822,0.296056729,-0.018797947,4.251107168,-0.021428319,tap
0.359153187,-0.052993059,0.284313513,-0.011743216,4.2556269,0.004519731,tap
0.301159815,-0.057993372,0.168356117,-0.115957396,3.13981234,-1.11581456,tap
0.30236679,0.001206975,0.03852042,-0.129835697,0.064949075,-3.074863265,tap
0.097526302,-0.204840488,0.012106408,-0.026414012,0.036818188,-0.028130886,tap
0.020265393,-0.077260909,0.008346076,-0.003760332,0.017330542,-0.019487646,tap
0.024106433,0.006629174,0.102882479,0.033578776,0.093956782,0.005983488,tap
0.246398461,0.222292028,0.155020749,0.05213827,0.116573801,0.02261702,tap
0.310496391,0.06409793,0.303390264,0.148369516,0.997509593,0.880935791,tap
0.544403269,0.233906878,0.350924447,0.047534182,1.121948986,0.124439393,tap
0.561429286,0.017026017,0.354035425,0.003110978,1.125690943,0.003741957,tap
0.564907126,0.003477841,0.353081587,-0.000953838,1.15012388,0.024432937,tap
0.564965824,5.86975E-05,0.351804911,-0.001276676,1.150182576,5.86963E-05,tap
0.571774766,0.006808942,0.351346335,-0.000458576,1.157149257,0.006966681,tap
0.571609676,-0.00016509,0.349174519,-0.002171816,1.160102475,0.002953218,tap
0.571407904,-0.000201773,0.348018906,-0.001155613,1.160102475,0,tap
0.570542109,-0.000865795,0.345069344,-0.002949562,1.160817856,0.000715381,tap
0.570233947,-0.000308162,0.342956224,-0.00211312,1.161041646,0.00022379,tap
0.569529571,-0.000704375,0.341327361,-0.001628864,1.163550962,0.002509316,tap
0.569294781,-0.000234791,0.338667618,-0.002659742,1.161522222,-0.00202874,tap
0.568997625,-0.000297156,0.338627264,-4.03546E-05,1.162842916,0.001320694,tap
0.568106152,-0.000891473,0.336925028,-0.001702236,1.115385798,-0.047457118,tap
0.566521312,-0.00158484,0.329220955,-0.007704073,1.07083418,-0.044551618,tap
0.565684867,-0.000836444,0.324932351,-0.004288604,1.07238966,0.00155548,tap
0.564595289,-0.001089578,0.310290929,-0.014641422,1.065874222,-0.006515438,tap
0.558714506,-0.005880783,0.294794721,-0.015496208,1.061383842,-0.004490379,tap
0.551446989,-0.007267517,0.254880259,-0.039914462,1.062957671,0.001573828,tap
0.294868129,-0.25657886,0.181742874,-0.073137385,1.049644244,-0.013313427,tap
0.25390812,-0.040960009,0.055451042,-0.126291832,0.119376587,-0.930267657,tap
0.029950524,-0.223957596,0.008203009,-0.047248032,0.032911009,-0.086465578,tap
0.014219522,-0.015731002,0.003287075,-0.004915935,0.020558846,-0.012352162,tap
0.150247871,0.000436563,0.038634114,-0.002201163,0.1097464,0.000627328,tap
0.70617421,0.55592634,0.60521411,0.566579996,1.583793155,1.474046755,tap
0.757974989,0.051800778,0.701085839,0.095871729,4.805936311,3.222143156,tap
1.321121216,0.563146227,0.788644505,0.087558667,4.879484548,0.073548237,tap
1.319745488,-0.001375728,0.792845059,0.004200554,4.893406896,0.013922348,tap
1.330384457,0.010638969,0.792753343,-9.17156E-05,4.889562206,-0.003844691,tap
1.364120976,0.033736519,0.792434173,-0.00031917,4.889650251,8.80453E-05,tap
1.369638564,0.005517588,0.793798898,0.001364725,4.895461311,0.00581106,tap
1.369488151,-0.000150413,0.804434198,0.0106353,4.908961757,0.013500446,tap
1.380200489,0.010712338,0.80553845,0.001104253,4.910106373,0.001144615,tap
1.393965107,0.013764618,0.805758567,0.000220117,4.907787808,-0.002318565,tap
1.397663065,0.003697958,0.807475477,0.001716909,4.908598567,0.000810759,tap
1.407439906,0.009776841,0.807299383,-0.000176093,4.907905201,-0.000693366,tap
1.410870056,0.00343015,0.807750624,0.00045124,4.910869438,0.002964237,tap
1.411163544,0.000293488,0.808355943,0.00060532,4.910869438,8.88178E-15,tap
1.416464683,0.00530114,0.808693456,0.000337513,4.907905201,-0.002964237,tap
1.413749915,-0.002714769,0.806048387,-0.002645069,4.909020469,0.001115267,tap
1.311054541,-0.102695374,0.802119302,-0.003929085,4.8184829,-0.090537569,tap
1.312569677,0.001515136,0.772502618,-0.029616685,4.818130716,-0.000352184,tap
1.233162634,-0.079407043,0.766064218,-0.006438399,4.818130716,0,tap
1.205196827,-0.027965807,0.76193703,-0.004127189,4.815192175,-0.002938541,tap
0.417135564,-0.788061263,0.216488267,-0.545448762,3.238736153,-1.576456023,tap
0.414593214,-0.00254235,0.12462631,-0.091861958,0.062424973,-3.17631118,tap
0.032353455,-0.382239759,0.020896403,-0.103729907,0.019502275,-0.042922698,tap
0.019410607,-0.012942848,0.008672598,-0.012223805,0.014802803,-0.004699473,tap
0.108356044,0.001540817,0.046312509,0.006163263,0.083391102,0.009068769,tap
0.111712824,0.003356779,0.065976252,0.019663743,0.087793418,0.004402315,tap
1.2050501,1.093337277,0.226320153,0.160343901,3.162998487,3.07520507,tap
1.206719321,0.00166922,0.293851912,0.067531759,6.256945884,3.093947397,tap
1.344853447,0.138134127,0.2929421,-0.000909812,6.297458339,0.040512455,tap
1.33808486,-0.006768587,0.301042394,0.008100294,6.30361056,0.00615222,tap
1.420320398,0.082235538,0.299050342,-0.001992052,6.303830679,0.00022012,tap
1.422114347,0.001793949,0.296023742,-0.003026599,6.307352547,0.003521868,tap
1.446206113,0.024091767,0.294163762,-0.00185998,6.307352547,0,tap
1.462615805,0.016409692,0.291815857,-0.002347905,6.304667124,-0.002685423,tap
1.4714755,0.008859695,0.288220623,-0.003595235,6.302730107,-0.001937017,tap
1.484682497,0.013206997,0.284816158,-0.003404465,6.30142409,-0.001306017,tap
1.494279581,0.009597084,0.279900223,-0.004915935,6.29918991,-0.00223418,tap
1.502732063,0.008452481,0.276800247,-0.003099976,6.297810522,-0.001379388,tap
1.509207155,0.006475093,0.273014246,-0.003786002,6.288360166,-0.009450356,tap
1.492302208,-0.016904948,0.262804506,-0.010209739,6.258486665,-0.029873501,tap
1.497596008,0.0052938,0.242784901,-0.020019605,6.249737059,-0.008749606,tap
1.503557501,0.005961493,0.242847266,6.23654E-05,6.244179122,-0.005557937,tap
1.459853356,-0.043704145,0.242142893,-0.000704373,6.235902752,-0.00827637,tap
1.458037393,-0.001815962,0.241629284,-0.000513609,6.235532224,-0.000370528,tap
1.452637197,-0.005400196,0.24145319,-0.000176094,6.230678672,-0.004853552,tap
1.441099417,-0.011537781,0.233162137,-0.008291053,6.222094162,-0.00858451,tap
0.125187607,-1.315911809,0.091344726,-0.141817411,2.921280333,-3.300813829,tap
0.123041472,-0.002146135,0.012634706,-0.07871002,0.05492275,-2.866357583,tap
0.064490481,-0.058550992,0.010404186,-0.002230521,0.017036985,-0.037885764,tap
0.034378541,-0.03011194,0.005590972,-0.004813214,0.009538366,-0.007498619,tap
0.172024768,0.004237246,0.033897966,0.007296865,0.036462266,0.001771928,tap
0.17403883,0.002014062,0.055392348,0.021494382,0.042038529,0.005576263,tap
0.174402023,0.000363192,0.054163364,-0.001228984,1.520165296,1.478126767,tap
0.620798246,0.446396223,0.299721721,0.245558356,1.519167427,-0.000997869,tap
0.781453979,0.160655734,0.377147721,0.077426,1.584145881,0.064978454,tap
0.783156213,0.001702233,0.385567177,0.008419457,1.658721329,0.074575448,tap
0.794415176,0.011258964,0.384338193,-0.001228984,1.657565717,-0.001155613,tap
0.79746746,0.003052283,0.395564141,0.011225948,1.684331918,0.026766201,tap
0.80100033,0.00353287,0.397600214,0.002036073,1.686279934,0.001948016,tap
0.804247052,0.003246722,0.39507621,-0.002524004,1.689655054,0.00337512,tap
0.80517154,0.000924489,0.393931604,-0.001144606,1.695792618,0.006137563,tap
0.80517154,0,0.389235777,-0.004695827,1.696746449,0.000953832,tap
0.805079825,-9.17155E-05,0.386363248,-0.002872529,1.700836942,0.004090493,tap
0.804760656,-0.000319169,0.381740798,-0.00462245,1.704010288,0.003173345,tap
0.770128982,-0.034631673,0.381223524,-0.000517274,1.689409261,-0.014601027,tap
0.660364199,-0.109764783,0.380214656,-0.001008868,1.69003659,0.000627329,tap
0.659967989,-0.00039621,0.378321659,-0.001892997,1.689115774,-0.000920816,tap
0.642534754,-0.017433236,0.377514563,-0.000807095,1.671253265,-0.017862509,tap
0.642534754,1.11022E-15,0.376292918,-0.001221646,1.672871113,0.001617848,tap
0.640406959,-0.002127794,0.375882034,-0.000410884,1.671418333,-0.00145278,tap
0.638965193,-0.001441766,0.374286188,-0.001595846,1.674338566,0.002920233,tap
0.660918155,0.021952962,0.362058712,-0.012227476,1.676389332,0.002050766,tap
0.683663526,0.022745371,0.361559782,-0.00049893,0.103524514,-1.572864818,tap
0.215167612,-0.468495914,0.058532667,-0.303027114,0.093124034,-0.01040048,tap
0.137646231,-0.077521381,0.016083185,-0.042449482,0.0708592,-0.022264834,tap
0.065902889,0.001995724,0.051081741,0.00560931,0.077961637,-1.83515E-05,tap
0.069978715,0.004075826,0.056566312,0.005484572,0.088501562,0.010539925,tap
0.102002004,0.032023289,0.080397602,0.02383129,0.456081621,0.367580059,tap
0.101194909,-0.000807095,0.124626339,0.044228737,1.428864767,0.972783145,tap
0.151366795,0.050171886,0.130470429,0.00584409,1.435493922,0.006629156,tap
0.15567741,0.004310614,0.133460346,0.002989916,1.440072333,0.004578411,tap
0.196769501,0.041092092,0.141021342,0.007560996,1.447941466,0.007869133,tap
0.206509659,0.009740158,0.140797557,-0.000223784,1.449467597,0.001526131,tap
0.215655502,0.009145843,0.140962645,0.000165088,1.449904158,0.000436561,tap
0.233969197,0.018313695,0.141593647,0.000631002,1.453635127,0.003730969,tap
0.246471819,0.012502621,0.141296491,-0.000297156,1.456947881,0.003312754,tap
0.247924587,0.001452769,0.141182762,-0.000113728,1.457333084,0.000385203,tap
0.247924587,-5.55112E-16,0.141843113,0.000660351,1.469685265,0.012352181,tap
0.247920919,-3.66848E-06,0.141843113,0,1.469556861,-0.000128404,tap
0.237355323,-0.010565596,0.139774016,-0.002069098,1.43754823,-0.032008631,tap
0.232072524,-0.005282798,0.126038747,-0.013735269,1.40447568,-0.03307255,tap
0.207291074,-0.02478145,0.113007851,-0.013030896,1.403888704,-0.000586976,tap
0.200786633,-0.006504441,0.109364919,-0.003642933,1.405440514,0.001551811,tap
0.193027525,-0.007759108,0.103689587,-0.005675332,1.402567989,-0.002872525,tap
0.179215215,-0.01381231,0.092195835,-0.011493752,1.397663066,-0.004904923,tap
0.168154359,-0.011060856,0.079462093,-0.012733742,1.396342376,-0.001320689,tap
0.153949502,-0.014204857,0.063965893,-0.015496201,1.382548394,-0.013793983,tap
0.103308024,-0.050641478,0.053161829,-0.010804064,0.927732471,-0.454815923,tap
0.111654112,0.008346088,0.020236061,-0.032925768,0.055322479,-0.872409992,tap
0.104716777,-0.006937335,0.01636201,-0.003874051,0.047761505,-0.007560974,tap
0.399496838,-0.046059396,1.904664963,0.73929814,7.531108253,0.423691517,tap
0.603104648,0.20360781,2.46050326,0.555838296,11.77468099,4.243572736,tap
1.112014099,0.508909452,3.465291303,1.004788044,17.50955436,5.734873371,tap
2.102006597,0.989992498,4.741985507,1.276694203,22.32714008,4.817585715,tap
2.551367222,0.449360624,5.476099918,0.734114412,23.46221134,1.135071264,tap
2.465521763,-0.085845458,5.610257072,0.134157154,23.08391901,-0.37829233,tap
2.472418743,0.00689698,5.53841104,-0.071846032,22.93036575,-0.153553255,tap
2.625766606,0.153347863,5.779801912,0.241390872,23.61722852,0.68686277,tap
2.913649698,0.287883091,6.101172067,0.321370154,24.78921724,1.17198872,tap
3.154710344,0.241060646,6.243840662,0.142668595,25.67014201,0.880924766,tap
3.160814907,0.006104564,6.223028656,-0.020812006,26.03229252,0.36215051,tap
3.509479532,0.348664624,6.162012368,-0.061016288,25.90235045,-0.129942076,tap
4.476818359,0.967338828,6.179298841,0.017286473,24.98412709,-0.918223359,tap
5.093684022,0.616865662,6.423808116,0.244509276,25.13782343,0.153696341,tap
4.955186677,-0.138497345,6.661548658,0.237740541,25.14208272,0.004259297,tap
4.991377537,0.03619086,6.489314806,-0.172233852,25.191697,0.049614279,tap
5.129082472,0.137704935,5.786933954,-0.702380851,24.52811893,-0.66357807,tap
5.294078181,0.164995709,5.313067076,-0.473866878,21.95681636,-2.571302572,tap
5.379131222,0.085053041,5.381791165,0.06872409,18.81443245,-3.142383912,tap
5.37574509,-0.003386132,5.301797093,-0.079994072,17.82892657,-0.985505882,tap
5.363638682,-0.012106408,5.051568561,-0.250228532,17.95878424,0.129857676,tap
5.408039858,0.044401176,4.81225783,-0.239310731,15.27671847,-2.682065775,tap
5.25184884,-0.156191018,4.142593536,-0.669664294,10.15836208,-5.118356387,tap
