eventIndex,t0,t1,t2,t3,t4,t5,t6,t7,t8,t9,t10,t11,t12,t13,t14,t15,t16,t17,t18,t19,tapType
1,10.266336,9.653421,9.730036,10.0748005,9.653421,9.998186,9.768343,9.959879,10.036493,9.80665,9.998186,9.844957,9.998186,9.959879,9.998186,9.921572,9.921572,9.959879,9.921572,9.921572,notap
2,9.653421,9.730036,10.0748005,9.653421,9.998186,9.768343,9.959879,10.036493,9.80665,9.998186,9.844957,9.998186,9.959879,9.998186,9.921572,9.921572,9.959879,9.921572,9.921572,9.998186,notap
3,9.730036,10.0748005,9.653421,9.998186,9.768343,9.959879,10.036493,9.80665,9.998186,9.844957,9.998186,9.959879,9.998186,9.921572,9.921572,9.959879,9.921572,9.921572,9.998186,9.959879,notap
4,10.0748005,9.653421,9.998186,9.768343,9.959879,10.036493,9.80665,9.998186,9.844957,9.998186,9.959879,9.998186,9.921572,9.921572,9.959879,9.921572,9.921572,9.998186,9.959879,9.921572,notap
5,9.653421,9.998186,9.768343,9.959879,10.036493,9.80665,9.998186,9.844957,9.998186,9.959879,9.998186,9.921572,9.921572,9.959879,9.921572,9.921572,9.998186,9.959879,9.921572,9.921572,notap
6,9.998186,9.768343,9.959879,10.036493,9.80665,9.998186,9.844957,9.998186,9.959879,9.998186,9.921572,9.921572,9.959879,9.921572,9.921572,9.998186,9.959879,9.921572,9.921572,9.959879,notap
7,9.768343,9.959879,10.036493,9.80665,9.998186,9.844957,9.998186,9.959879,9.998186,9.921572,9.921572,9.959879,9.921572,9.921572,9.998186,9.959879,9.921572,9.921572,9.959879,9.959879,notap
8,9.959879,10.036493,9.80665,9.998186,9.844957,9.998186,9.959879,9.998186,9.921572,9.921572,9.959879,9.921572,9.921572,9.998186,9.959879,9.921572,9.921572,9.959879,9.959879,9.921572,notap
9,10.036493,9.80665,9.998186,9.844957,9.998186,9.959879,9.998186,9.921572,9.921572,9.959879,9.921572,9.921572,9.998186,9.959879,9.921572,9.921572,9.959879,9.959879,9.921572,9.959879,notap
10,9.80665,9.998186,9.844957,9.998186,9.959879,9.998186,9.921572,9.921572,9.959879,9.921572,9.921572,9.998186,9.959879,9.921572,9.921572,9.959879,9.959879,9.921572,9.959879,9.921572,notap
11,9.998186,9.844957,9.998186,9.959879,9.998186,9.921572,9.921572,9.959879,9.921572,9.921572,9.998186,9.959879,9.921572,9.921572,9.959879,9.959879,9.921572,9.959879,9.921572,9.959879,notap
12,9.844957,9.998186,9.959879,9.998186,9.921572,9.921572,9.959879,9.921572,9.921572,9.998186,9.959879,9.921572,9.921572,9.959879,9.959879,9.921572,9.959879,9.921572,9.959879,9.959879,notap
13,9.998186,9.959879,9.998186,9.921572,9.921572,9.959879,9.921572,9.921572,9.998186,9.959879,9.921572,9.921572,9.959879,9.959879,9.921572,9.959879,9.921572,9.959879,9.959879,9.921572,notap
14,9.959879,9.998186,9.921572,9.921572,9.959879,9.921572,9.921572,9.998186,9.959879,9.921572,9.921572,9.959879,9.959879,9.921572,9.959879,9.921572,9.959879,9.959879,9.921572,9.921572,notap
15,9.998186,9.921572,9.921572,9.959879,9.921572,9.921572,9.998186,9.959879,9.921572,9.921572,9.959879,9.959879,9.921572,9.959879,9.921572,9.959879,9.959879,9.921572,9.921572,9.921572,notap
16,9.921572,9.921572,9.959879,9.921572,9.921572,9.998186,9.959879,9.921572,9.921572,9.959879,9.959879,9.921572,9.959879,9.921572,9.959879,9.959879,9.921572,9.921572,9.921572,9.921572,notap
17,9.921572,9.959879,9.921572,9.921572,9.998186,9.959879,9.921572,9.921572,9.959879,9.959879,9.921572,9.959879,9.921572,9.959879,9.959879,9.921572,9.921572,9.921572,9.921572,10.151415,notap
18,9.959879,9.921572,9.921572,9.998186,9.959879,9.921572,9.921572,9.959879,9.959879,9.921572,9.959879,9.921572,9.959879,9.959879,9.921572,9.921572,9.921572,9.921572,10.151415,9.844957,notap
19,9.921572,9.921572,9.998186,9.959879,9.921572,9.921572,9.959879,9.959879,9.921572,9.959879,9.921572,9.959879,9.959879,9.921572,9.921572,9.921572,9.921572,10.151415,9.844957,9.921572,notap
20,9.921572,9.998186,9.959879,9.921572,9.921572,9.959879,9.959879,9.921572,9.959879,9.921572,9.959879,9.959879,9.921572,9.921572,9.921572,9.921572,10.151415,9.844957,9.921572,9.921572,notap
21,9.998186,9.959879,9.921572,9.921572,9.959879,9.959879,9.921572,9.959879,9.921572,9.959879,9.959879,9.921572,9.921572,9.921572,9.921572,10.151415,9.844957,9.921572,9.921572,9.959879,notap
22,9.959879,9.921572,9.921572,9.959879,9.959879,9.921572,9.959879,9.921572,9.959879,9.959879,9.921572,9.921572,9.921572,9.921572,10.151415,9.844957,9.921572,9.921572,9.959879,9.921572,notap
23,9.921572,9.921572,9.959879,9.959879,9.921572,9.959879,9.921572,9.959879,9.959879,9.921572,9.921572,9.921572,9.921572,10.151415,9.844957,9.921572,9.921572,9.959879,9.921572,9.959879,notap
24,9.921572,9.959879,9.959879,9.921572,9.959879,9.921572,9.959879,9.959879,9.921572,9.921572,9.921572,9.921572,10.151415,9.844957,9.921572,9.921572,9.959879,9.921572,9.959879,9.921572,notap
25,9.959879,9.959879,9.921572,9.959879,9.921572,9.959879,9.959879,9.921572,9.921572,9.921572,9.921572,10.151415,9.844957,9.921572,9.921572,9.959879,9.921572,9.959879,9.921572,9.959879,notap
26,9.959879,9.921572,9.959879,9.921572,9.959879,9.959879,9.921572,9.921572,9.921572,9.921572,10.151415,9.844957,9.921572,9.921572,9.959879,9.921572,9.959879,9.921572,9.959879,9.959879,notap
27,9.921572,9.959879,9.921572,9.959879,9.959879,9.921572,9.921572,9.921572,9.921572,10.151415,9.844957,9.921572,9.921572,9.959879,9.921572,9.959879,9.921572,9.959879,9.959879,9.959879,notap
28,9.959879,9.921572,9.959879,9.959879,9.921572,9.921572,9.921572,9.921572,10.151415,9.844957,9.921572,9.921572,9.959879,9.921572,9.959879,9.921572,9.959879,9.959879,9.959879,9.921572,notap
29,9.921572,9.959879,9.959879,9.921572,9.921572,9.921572,9.921572,10.151415,9.844957,9.921572,9.921572,9.959879,9.921572,9.959879,9.921572,9.959879,9.959879,9.959879,9.921572,9.921572,notap
30,9.959879,9.959879,9.921572,9.921572,9.921572,9.921572,10.151415,9.844957,9.921572,9.921572,9.959879,9.921572,9.959879,9.921572,9.959879,9.959879,9.959879,9.921572,9.921572,9.921572,notap
31,9.959879,9.921572,9.921572,9.921572,9.921572,10.151415,9.844957,9.921572,9.921572,9.959879,9.921572,9.959879,9.921572,9.959879,9.959879,9.959879,9.921572,9.921572,9.921572,9.959879,notap
32,9.921572,9.921572,9.921572,9.921572,10.151415,9.844957,9.921572,9.921572,9.959879,9.921572,9.959879,9.921572,9.959879,9.959879,9.959879,9.921572,9.921572,9.921572,9.959879,9.921572,notap
33,9.921572,9.921572,9.921572,10.151415,9.844957,9.921572,9.921572,9.959879,9.921572,9.959879,9.921572,9.959879,9.959879,9.959879,9.921572,9.921572,9.921572,9.959879,9.921572,9.921572,notap
34,9.921572,9.921572,10.151415,9.844957,9.921572,9.921572,9.959879,9.921572,9.959879,9.921572,9.959879,9.959879,9.959879,9.921572,9.921572,9.921572,9.959879,9.921572,9.921572,9.959879,notap
35,9.921572,10.151415,9.844957,9.921572,9.921572,9.959879,9.921572,9.959879,9.921572,9.959879,9.959879,9.959879,9.921572,9.921572,9.921572,9.959879,9.921572,9.921572,9.959879,9.921572,notap
36,10.151415,9.844957,9.921572,9.921572,9.959879,9.921572,9.959879,9.921572,9.959879,9.959879,9.959879,9.921572,9.921572,9.921572,9.959879,9.921572,9.921572,9.959879,9.921572,9.921572,notap
37,9.844957,9.921572,9.921572,9.959879,9.921572,9.959879,9.921572,9.959879,9.959879,9.959879,9.921572,9.921572,9.921572,9.959879,9.921572,9.921572,9.959879,9.921572,9.921572,9.921572,notap
38,9.921572,9.921572,9.959879,9.921572,9.959879,9.921572,9.959879,9.959879,9.959879,9.921572,9.921572,9.921572,9.959879,9.921572,9.921572,9.959879,9.921572,9.921572,9.921572,9.959879,notap
39,9.921572,9.959879,9.921572,9.959879,9.921572,9.959879,9.959879,9.959879,9.921572,9.921572,9.921572,9.959879,9.921572,9.921572,9.959879,9.921572,9.921572,9.921572,9.959879,9.921572,notap
40,9.959879,9.921572,9.959879,9.921572,9.959879,9.959879,9.959879,9.921572,9.921572,9.921572,9.959879,9.921572,9.921572,9.959879,9.921572,9.921572,9.921572,9.959879,9.921572,9.921572,notap
41,9.921572,9.959879,9.921572,9.959879,9.959879,9.959879,9.921572,9.921572,9.921572,9.959879,9.921572,9.921572,9.959879,9.921572,9.921572,9.921572,9.959879,9.921572,9.921572,9.921572,notap
42,9.959879,9.921572,9.959879,9.959879,9.959879,9.921572,9.921572,9.921572,9.959879,9.921572,9.921572,9.959879,9.921572,9.921572,9.921572,9.959879,9.921572,9.921572,9.921572,9.921572,notap
43,9.921572,9.959879,9.959879,9.959879,9.921572,9.921572,9.921572,9.959879,9.921572,9.921572,9.959879,9.921572,9.921572,9.921572,9.959879,9.921572,9.921572,9.921572,9.921572,9.921572,notap
44,9.959879,9.959879,9.959879,9.921572,9.921572,9.921572,9.959879,9.921572,9.921572,9.959879,9.921572,9.921572,9.921572,9.959879,9.921572,9.921572,9.921572,9.921572,9.921572,9.921572,notap
45,9.959879,9.959879,9.921572,9.921572,9.921572,9.959879,9.921572,9.921572,9.959879,9.921572,9.921572,9.921572,9.959879,9.921572,9.921572,9.921572,9.921572,9.921572,9.921572,9.921572,notap
46,9.959879,9.921572,9.921572,9.921572,9.959879,9.921572,9.921572,9.959879,9.921572,9.921572,9.921572,9.959879,9.921572,9.921572,9.921572,9.921572,9.921572,9.921572,9.921572,9.921572,notap
47,9.921572,9.921572,9.921572,9.959879,9.921572,9.921572,9.959879,9.921572,9.921572,9.921572,9.959879,9.921572,9.921572,9.921572,9.921572,9.921572,9.921572,9.921572,9.921572,9.921572,notap
48,9.921572,9.921572,9.959879,9.921572,9.921572,9.959879,9.921572,9.921572,9.921572,9.959879,9.921572,9.921572,9.921572,9.921572,9.921572,9.921572,9.921572,9.921572,9.921572,9.921572,notap
49,9.921572,9.959879,9.921572,9.921572,9.959879,9.921572,9.921572,9.921572,9.959879,9.921572,9.921572,9.921572,9.921572,9.921572,9.921572,9.921572,9.921572,9.921572,9.921572,9.921572,notap
50,9.959879,9.921572,9.921572,9.959879,9.921572,9.921572,9.921572,9.959879,9.921572,9.921572,9.921572,9.921572,9.921572,9.921572,9.921572,9.921572,9.921572,9.921572,9.921572,9.921572,notap
51,9.921572,9.921572,9.959879,9.921572,9.921572,9.921572,9.959879,9.921572,9.921572,9.921572,9.921572,9.921572,9.921572,9.921572,9.921572,9.921572,9.921572,9.921572,9.921572,9.883265,notap
52,9.921572,9.959879,9.921572,9.921572,9.921572,9.959879,9.921572,9.921572,9.921572,9.921572,9.921572,9.921572,9.921572,9.921572,9.921572,9.921572,9.921572,9.921572,9.883265,9.921572,notap
53,9.959879,9.921572,9.921572,9.921572,9.959879,9.921572,9.921572,9.921572,9.921572,9.921572,9.921572,9.921572,9.921572,9.921572,9.921572,9.921572,9.921572,9.883265,9.921572,9.883265,notap
54,9.921572,9.921572,9.921572,9.959879,9.921572,9.921572,9.921572,9.921572,9.921572,9.921572,9.921572,9.921572,9.921572,9.921572,9.921572,9.921572,9.883265,9.921572,9.883265,9.883265,notap
55,9.921572,9.921572,9.959879,9.921572,9.921572,9.921572,9.921572,9.921572,9.921572,9.921572,9.921572,9.921572,9.921572,9.921572,9.921572,9.883265,9.921572,9.883265,9.883265,9.883265,notap
56,9.921572,9.959879,9.921572,9.921572,9.921572,9.921572,9.921572,9.921572,9.921572,9.921572,9.921572,9.921572,9.921572,9.921572,9.883265,9.921572,9.883265,9.883265,9.883265,9.883265,notap
57,9.959879,9.921572,9.921572,9.921572,9.921572,9.921572,9.921572,9.921572,9.921572,9.921572,9.921572,9.921572,9.921572,9.883265,9.921572,9.883265,9.883265,9.883265,9.883265,9.883265,notap
58,9.921572,9.921572,9.921572,9.921572,9.921572,9.921572,9.921572,9.921572,9.921572,9.921572,9.921572,9.921572,9.883265,9.921572,9.883265,9.883265,9.883265,9.883265,9.883265,9.921572,notap
59,9.921572,9.921572,9.921572,9.921572,9.921572,9.921572,9.921572,9.921572,9.921572,9.921572,9.921572,9.883265,9.921572,9.883265,9.883265,9.883265,9.883265,9.883265,9.921572,9.883265,notap
60,9.921572,9.921572,9.921572,9.921572,9.921572,9.921572,9.921572,9.921572,9.921572,9.921572,9.883265,9.921572,9.883265,9.883265,9.883265,9.883265,9.883265,9.921572,9.883265,9.921572,notap
61,9.921572,9.921572,9.921572,9.921572,9.921572,9.921572,9.921572,9.921572,9.921572,9.883265,9.921572,9.883265,9.883265,9.883265,9.883265,9.883265,9.921572,9.883265,9.921572,9.883265,notap
62,9.921572,9.921572,9.921572,9.921572,9.921572,9.921572,9.921572,9.921572,9.883265,9.921572,9.883265,9.883265,9.883265,9.883265,9.883265,9.921572,9.883265,9.921572,9.883265,9.921572,notap
63,9.921572,9.921572,9.921572,9.921572,9.921572,9.921572,9.921572,9.883265,9.921572,9.883265,9.883265,9.883265,9.883265,9.883265,9.921572,9.883265,9.921572,9.883265,9.921572,9.883265,notap
64,9.921572,9.921572,9.921572,9.921572,9.921572,9.921572,9.883265,9.921572,9.883265,9.883265,9.883265,9.883265,9.883265,9.921572,9.883265,9.921572,9.883265,9.921572,9.883265,9.883265,notap
65,9.921572,9.921572,9.921572,9.921572,9.921572,9.883265,9.921572,9.883265,9.883265,9.883265,9.883265,9.883265,9.921572,9.883265,9.921572,9.883265,9.921572,9.883265,9.883265,9.883265,notap
66,9.921572,9.921572,9.921572,9.921572,9.883265,9.921572,9.883265,9.883265,9.883265,9.883265,9.883265,9.921572,9.883265,9.921572,9.883265,9.921572,9.883265,9.883265,9.883265,9.883265,notap
67,9.921572,9.921572,9.921572,9.883265,9.921572,9.883265,9.883265,9.883265,9.883265,9.883265,9.921572,9.883265,9.921572,9.883265,9.921572,9.883265,9.883265,9.883265,9.883265,9.883265,notap
68,9.921572,9.921572,9.883265,9.921572,9.883265,9.883265,9.883265,9.883265,9.883265,9.921572,9.883265,9.921572,9.883265,9.921572,9.883265,9.883265,9.883265,9.883265,9.883265,9.844957,notap
69,9.921572,9.883265,9.921572,9.883265,9.883265,9.883265,9.883265,9.883265,9.921572,9.883265,9.921572,9.883265,9.921572,9.883265,9.883265,9.883265,9.883265,9.883265,9.844957,9.883265,notap
70,9.883265,9.921572,9.883265,9.883265,9.883265,9.883265,9.883265,9.921572,9.883265,9.921572,9.883265,9.921572,9.883265,9.883265,9.883265,9.883265,9.883265,9.844957,9.883265,9.883265,notap
71,9.921572,9.883265,9.883265,9.883265,9.883265,9.883265,9.921572,9.883265,9.921572,9.883265,9.921572,9.883265,9.883265,9.883265,9.883265,9.883265,9.844957,9.883265,9.883265,9.883265,notap
72,9.883265,9.883265,9.883265,9.883265,9.883265,9.921572,9.883265,9.921572,9.883265,9.921572,9.883265,9.883265,9.883265,9.883265,9.883265,9.844957,9.883265,9.883265,9.883265,9.883265,notap
73,9.883265,9.883265,9.883265,9.883265,9.921572,9.883265,9.921572,9.883265,9.921572,9.883265,9.883265,9.883265,9.883265,9.883265,9.844957,9.883265,9.883265,9.883265,9.883265,9.844957,notap
74,9.883265,9.883265,9.883265,9.921572,9.883265,9.921572,9.883265,9.921572,9.883265,9.883265,9.883265,9.883265,9.883265,9.844957,9.883265,9.883265,9.883265,9.883265,9.844957,9.883265,notap
75,9.883265,9.883265,9.921572,9.883265,9.921572,9.883265,9.921572,9.883265,9.883265,9.883265,9.883265,9.883265,9.844957,9.883265,9.883265,9.883265,9.883265,9.844957,9.883265,9.883265,notap
76,9.883265,9.921572,9.883265,9.921572,9.883265,9.921572,9.883265,9.883265,9.883265,9.883265,9.883265,9.844957,9.883265,9.883265,9.883265,9.883265,9.844957,9.883265,9.883265,9.883265,notap
77,9.921572,9.883265,9.921572,9.883265,9.921572,9.883265,9.883265,9.883265,9.883265,9.883265,9.844957,9.883265,9.883265,9.883265,9.883265,9.844957,9.883265,9.883265,9.883265,9.883265,notap
78,9.883265,9.921572,9.883265,9.921572,9.883265,9.883265,9.883265,9.883265,9.883265,9.844957,9.883265,9.883265,9.883265,9.883265,9.844957,9.883265,9.883265,9.883265,9.883265,9.883265,notap
79,9.921572,9.883265,9.921572,9.883265,9.883265,9.883265,9.883265,9.883265,9.844957,9.883265,9.883265,9.883265,9.883265,9.844957,9.883265,9.883265,9.883265,9.883265,9.883265,9.883265,notap
80,9.883265,9.921572,9.883265,9.883265,9.883265,9.883265,9.883265,9.844957,9.883265,9.883265,9.883265,9.883265,9.844957,9.883265,9.883265,9.883265,9.883265,9.883265,9.883265,9.883265,notap
81,9.921572,9.883265,9.883265,9.883265,9.883265,9.883265,9.844957,9.883265,9.883265,9.883265,9.883265,9.844957,9.883265,9.883265,9.883265,9.883265,9.883265,9.883265,9.883265,9.844957,notap
82,9.883265,9.883265,9.883265,9.883265,9.883265,9.844957,9.883265,9.883265,9.883265,9.883265,9.844957,9.883265,9.883265,9.883265,9.883265,9.883265,9.883265,9.883265,9.844957,9.883265,notap
83,9.883265,9.883265,9.883265,9.883265,9.844957,9.883265,9.883265,9.883265,9.883265,9.844957,9.883265,9.883265,9.883265,9.883265,9.883265,9.883265,9.883265,9.844957,9.883265,9.883265,notap
84,9.883265,9.883265,9.883265,9.844957,9.883265,9.883265,9.883265,9.883265,9.844957,9.883265,9.883265,9.883265,9.883265,9.883265,9.883265,9.883265,9.844957,9.883265,9.883265,9.883265,notap
85,9.883265,9.883265,9.844957,9.883265,9.883265,9.883265,9.883265,9.844957,9.883265,9.883265,9.883265,9.883265,9.883265,9.883265,9.883265,9.844957,9.883265,9.883265,9.883265,9.883265,notap
86,9.883265,9.844957,9.883265,9.883265,9.883265,9.883265,9.844957,9.883265,9.883265,9.883265,9.883265,9.883265,9.883265,9.883265,9.844957,9.883265,9.883265,9.883265,9.883265,9.883265,notap
87,9.844957,9.883265,9.883265,9.883265,9.883265,9.844957,9.883265,9.883265,9.883265,9.883265,9.883265,9.883265,9.883265,9.844957,9.883265,9.883265,9.883265,9.883265,9.883265,9.883265,notap
88,9.883265,9.883265,9.883265,9.883265,9.844957,9.883265,9.883265,9.883265,9.883265,9.883265,9.883265,9.883265,9.844957,9.883265,9.883265,9.883265,9.883265,9.883265,9.883265,9.883265,notap
89,9.883265,9.883265,9.883265,9.844957,9.883265,9.883265,9.883265,9.883265,9.883265,9.883265,9.883265,9.844957,9.883265,9.883265,9.883265,9.883265,9.883265,9.883265,9.883265,9.921572,notap
90,9.883265,9.883265,9.844957,9.883265,9.883265,9.883265,9.883265,9.883265,9.883265,9.883265,9.844957,9.883265,9.883265,9.883265,9.883265,9.883265,9.883265,9.883265,9.921572,9.883265,notap
91,9.883265,9.844957,9.883265,9.883265,9.883265,9.883265,9.883265,9.883265,9.883265,9.844957,9.883265,9.883265,9.883265,9.883265,9.883265,9.883265,9.883265,9.921572,9.883265,9.921572,notap
92,9.844957,9.883265,9.883265,9.883265,9.883265,9.883265,9.883265,9.883265,9.844957,9.883265,9.883265,9.883265,9.883265,9.883265,9.883265,9.883265,9.921572,9.883265,9.921572,9.883265,notap
93,9.883265,9.883265,9.883265,9.883265,9.883265,9.883265,9.883265,9.844957,9.883265,9.883265,9.883265,9.883265,9.883265,9.883265,9.883265,9.921572,9.883265,9.921572,9.883265,9.921572,notap
94,9.883265,9.883265,9.883265,9.883265,9.883265,9.883265,9.844957,9.883265,9.883265,9.883265,9.883265,9.883265,9.883265,9.883265,9.921572,9.883265,9.921572,9.883265,9.921572,9.883265,notap
95,9.883265,9.883265,9.883265,9.883265,9.883265,9.844957,9.883265,9.883265,9.883265,9.883265,9.883265,9.883265,9.883265,9.921572,9.883265,9.921572,9.883265,9.921572,9.883265,9.883265,notap
96,9.883265,9.883265,9.883265,9.883265,9.844957,9.883265,9.883265,9.883265,9.883265,9.883265,9.883265,9.883265,9.921572,9.883265,9.921572,9.883265,9.921572,9.883265,9.883265,9.921572,notap
97,9.883265,9.883265,9.883265,9.844957,9.883265,9.883265,9.883265,9.883265,9.883265,9.883265,9.883265,9.921572,9.883265,9.921572,9.883265,9.921572,9.883265,9.883265,9.921572,9.921572,notap
98,9.883265,9.883265,9.844957,9.883265,9.883265,9.883265,9.883265,9.883265,9.883265,9.883265,9.921572,9.883265,9.921572,9.883265,9.921572,9.883265,9.883265,9.921572,9.921572,9.883265,notap
99,9.883265,9.844957,9.883265,9.883265,9.883265,9.883265,9.883265,9.883265,9.883265,9.921572,9.883265,9.921572,9.883265,9.921572,9.883265,9.883265,9.921572,9.921572,9.883265,9.883265,notap
100,9.844957,9.883265,9.883265,9.883265,9.883265,9.883265,9.883265,9.883265,9.921572,9.883265,9.921572,9.883265,9.921572,9.883265,9.883265,9.921572,9.921572,9.883265,9.883265,9.921572,notap
101,9.883265,9.883265,9.883265,9.883265,9.883265,9.883265,9.883265,9.921572,9.883265,9.921572,9.883265,9.921572,9.883265,9.883265,9.921572,9.921572,9.883265,9.883265,9.921572,9.883265,notap
102,9.883265,9.883265,9.883265,9.883265,9.883265,9.883265,9.921572,9.883265,9.921572,9.883265,9.921572,9.883265,9.883265,9.921572,9.921572,9.883265,9.883265,9.921572,9.883265,9.921572,notap
103,9.883265,9.883265,9.883265,9.883265,9.883265,9.921572,9.883265,9.921572,9.883265,9.921572,9.883265,9.883265,9.921572,9.921572,9.883265,9.883265,9.921572,9.883265,9.921572,9.883265,notap
104,9.883265,9.883265,9.883265,9.883265,9.921572,9.883265,9.921572,9.883265,9.921572,9.883265,9.883265,9.921572,9.921572,9.883265,9.883265,9.921572,9.883265,9.921572,9.883265,9.921572,notap
105,9.883265,9.883265,9.883265,9.921572,9.883265,9.921572,9.883265,9.921572,9.883265,9.883265,9.921572,9.921572,9.883265,9.883265,9.921572,9.883265,9.921572,9.883265,9.921572,9.883265,notap
106,9.883265,9.883265,9.921572,9.883265,9.921572,9.883265,9.921572,9.883265,9.883265,9.921572,9.921572,9.883265,9.883265,9.921572,9.883265,9.921572,9.883265,9.921572,9.883265,9.921572,notap
107,9.883265,9.921572,9.883265,9.921572,9.883265,9.921572,9.883265,9.883265,9.921572,9.921572,9.883265,9.883265,9.921572,9.883265,9.921572,9.883265,9.921572,9.883265,9.921572,9.883265,notap
108,9.921572,9.883265,9.921572,9.883265,9.921572,9.883265,9.883265,9.921572,9.921572,9.883265,9.883265,9.921572,9.883265,9.921572,9.883265,9.921572,9.883265,9.921572,9.883265,9.921572,notap
109,9.883265,9.921572,9.883265,9.921572,9.883265,9.883265,9.921572,9.921572,9.883265,9.883265,9.921572,9.883265,9.921572,9.883265,9.921572,9.883265,9.921572,9.883265,9.921572,9.883265,notap
110,9.921572,9.883265,9.921572,9.883265,9.883265,9.921572,9.921572,9.883265,9.883265,9.921572,9.883265,9.921572,9.883265,9.921572,9.883265,9.921572,9.883265,9.921572,9.883265,9.921572,notap
111,9.883265,9.921572,9.883265,9.883265,9.921572,9.921572,9.883265,9.883265,9.921572,9.883265,9.921572,9.883265,9.921572,9.883265,9.921572,9.883265,9.921572,9.883265,9.921572,9.883265,notap
112,9.921572,9.883265,9.883265,9.921572,9.921572,9.883265,9.883265,9.921572,9.883265,9.921572,9.883265,9.921572,9.883265,9.921572,9.883265,9.921572,9.883265,9.921572,9.883265,9.883265,notap
113,9.883265,9.883265,9.921572,9.921572,9.883265,9.883265,9.921572,9.883265,9.921572,9.883265,9.921572,9.883265,9.921572,9.883265,9.921572,9.883265,9.921572,9.883265,9.883265,9.883265,notap
114,9.883265,9.921572,9.921572,9.883265,9.883265,9.921572,9.883265,9.921572,9.883265,9.921572,9.883265,9.921572,9.883265,9.921572,9.883265,9.921572,9.883265,9.883265,9.883265,9.883265,notap
115,9.921572,9.921572,9.883265,9.883265,9.921572,9.883265,9.921572,9.883265,9.921572,9.883265,9.921572,9.883265,9.921572,9.883265,9.921572,9.883265,9.883265,9.883265,9.883265,9.883265,notap
116,9.921572,9.883265,9.883265,9.921572,9.883265,9.921572,9.883265,9.921572,9.883265,9.921572,9.883265,9.921572,9.883265,9.921572,9.883265,9.883265,9.883265,9.883265,9.883265,9.844957,notap
117,9.883265,9.883265,9.921572,9.883265,9.921572,9.883265,9.921572,9.883265,9.921572,9.883265,9.921572,9.883265,9.921572,9.883265,9.883265,9.883265,9.883265,9.883265,9.844957,9.883265,notap
118,9.883265,9.921572,9.883265,9.921572,9.883265,9.921572,9.883265,9.921572,9.883265,9.921572,9.883265,9.921572,9.883265,9.883265,9.883265,9.883265,9.883265,9.844957,9.883265,9.844957,notap
119,9.921572,9.883265,9.921572,9.883265,9.921572,9.883265,9.921572,9.883265,9.921572,9.883265,9.921572,9.883265,9.883265,9.883265,9.883265,9.883265,9.844957,9.883265,9.844957,9.883265,notap
120,9.883265,9.921572,9.883265,9.921572,9.883265,9.921572,9.883265,9.921572,9.883265,9.921572,9.883265,9.883265,9.883265,9.883265,9.883265,9.844957,9.883265,9.844957,9.883265,9.844957,notap
121,9.921572,9.883265,9.921572,9.883265,9.921572,9.883265,9.921572,9.883265,9.921572,9.883265,9.883265,9.883265,9.883265,9.883265,9.844957,9.883265,9.844957,9.883265,9.844957,9.883265,notap
122,9.883265,9.921572,9.883265,9.921572,9.883265,9.921572,9.883265,9.921572,9.883265,9.883265,9.883265,9.883265,9.883265,9.844957,9.883265,9.844957,9.883265,9.844957,9.883265,9.844957,notap
123,9.921572,9.883265,9.921572,9.883265,9.921572,9.883265,9.921572,9.883265,9.883265,9.883265,9.883265,9.883265,9.844957,9.883265,9.844957,9.883265,9.844957,9.883265,9.844957,9.883265,notap
124,9.883265,9.921572,9.883265,9.921572,9.883265,9.921572,9.883265,9.883265,9.883265,9.883265,9.883265,9.844957,9.883265,9.844957,9.883265,9.844957,9.883265,9.844957,9.883265,9.844957,notap
125,9.921572,9.883265,9.921572,9.883265,9.921572,9.883265,9.883265,9.883265,9.883265,9.883265,9.844957,9.883265,9.844957,9.883265,9.844957,9.883265,9.844957,9.883265,9.844957,9.883265,notap
126,9.883265,9.921572,9.883265,9.921572,9.883265,9.883265,9.883265,9.883265,9.883265,9.844957,9.883265,9.844957,9.883265,9.844957,9.883265,9.844957,9.883265,9.844957,9.883265,9.844957,notap
127,9.921572,9.883265,9.921572,9.883265,9.883265,9.883265,9.883265,9.883265,9.844957,9.883265,9.844957,9.883265,9.844957,9.883265,9.844957,9.883265,9.844957,9.883265,9.844957,9.883265,notap
128,9.883265,9.921572,9.883265,9.883265,9.883265,9.883265,9.883265,9.844957,9.883265,9.844957,9.883265,9.844957,9.883265,9.844957,9.883265,9.844957,9.883265,9.844957,9.883265,9.844957,notap
129,9.921572,9.883265,9.883265,9.883265,9.883265,9.883265,9.844957,9.883265,9.844957,9.883265,9.844957,9.883265,9.844957,9.883265,9.844957,9.883265,9.844957,9.883265,9.844957,9.883265,notap
130,9.883265,9.883265,9.883265,9.883265,9.883265,9.844957,9.883265,9.844957,9.883265,9.844957,9.883265,9.844957,9.883265,9.844957,9.883265,9.844957,9.883265,9.844957,9.883265,9.844957,notap
131,9.883265,9.883265,9.883265,9.883265,9.844957,9.883265,9.844957,9.883265,9.844957,9.883265,9.844957,9.883265,9.844957,9.883265,9.844957,9.883265,9.844957,9.883265,9.844957,9.883265,notap
132,9.883265,9.883265,9.883265,9.844957,9.883265,9.844957,9.883265,9.844957,9.883265,9.844957,9.883265,9.844957,9.883265,9.844957,9.883265,9.844957,9.883265,9.844957,9.883265,9.844957,notap
133,9.883265,9.883265,9.844957,9.883265,9.844957,9.883265,9.844957,9.883265,9.844957,9.883265,9.844957,9.883265,9.844957,9.883265,9.844957,9.883265,9.844957,9.883265,9.844957,9.883265,notap
134,9.883265,9.844957,9.883265,9.844957,9.883265,9.844957,9.883265,9.844957,9.883265,9.844957,9.883265,9.844957,9.883265,9.844957,9.883265,9.844957,9.883265,9.844957,9.883265,9.844957,notap
135,9.844957,9.883265,9.844957,9.883265,9.844957,9.883265,9.844957,9.883265,9.844957,9.883265,9.844957,9.883265,9.844957,9.883265,9.844957,9.883265,9.844957,9.883265,9.844957,9.883265,notap
136,9.883265,9.844957,9.883265,9.844957,9.883265,9.844957,9.883265,9.844957,9.883265,9.844957,9.883265,9.844957,9.883265,9.844957,9.883265,9.844957,9.883265,9.844957,9.883265,9.844957,notap
137,9.844957,9.883265,9.844957,9.883265,9.844957,9.883265,9.844957,9.883265,9.844957,9.883265,9.844957,9.883265,9.844957,9.883265,9.844957,9.883265,9.844957,9.883265,9.844957,9.883265,notap
138,9.883265,9.844957,9.883265,9.844957,9.883265,9.844957,9.883265,9.844957,9.883265,9.844957,9.883265,9.844957,9.883265,9.844957,9.883265,9.844957,9.883265,9.844957,9.883265,9.844957,notap
139,9.844957,9.883265,9.844957,9.883265,9.844957,9.883265,9.844957,9.883265,9.844957,9.883265,9.844957,9.883265,9.844957,9.883265,9.844957,9.883265,9.844957,9.883265,9.844957,9.883265,notap
140,9.883265,9.844957,9.883265,9.844957,9.883265,9.844957,9.883265,9.844957,9.883265,9.844957,9.883265,9.844957,9.883265,9.844957,9.883265,9.844957,9.883265,9.844957,9.883265,9.844957,notap
141,9.844957,9.883265,9.844957,9.883265,9.844957,9.883265,9.844957,9.883265,9.844957,9.883265,9.844957,9.883265,9.844957,9.883265,9.844957,9.883265,9.844957,9.883265,9.844957,9.883265,notap
142,9.883265,9.844957,9.883265,9.844957,9.883265,9.844957,9.883265,9.844957,9.883265,9.844957,9.883265,9.844957,9.883265,9.844957,9.883265,9.844957,9.883265,9.844957,9.883265,9.844957,notap
143,9.844957,9.883265,9.844957,9.883265,9.844957,9.883265,9.844957,9.883265,9.844957,9.883265,9.844957,9.883265,9.844957,9.883265,9.844957,9.883265,9.844957,9.883265,9.844957,9.883265,notap
144,9.883265,9.844957,9.883265,9.844957,9.883265,9.844957,9.883265,9.844957,9.883265,9.844957,9.883265,9.844957,9.883265,9.844957,9.883265,9.844957,9.883265,9.844957,9.883265,9.844957,notap
145,9.844957,9.883265,9.844957,9.883265,9.844957,9.883265,9.844957,9.883265,9.844957,9.883265,9.844957,9.883265,9.844957,9.883265,9.844957,9.883265,9.844957,9.883265,9.844957,9.883265,notap
146,9.883265,9.844957,9.883265,9.844957,9.883265,9.844957,9.883265,9.844957,9.883265,9.844957,9.883265,9.844957,9.883265,9.844957,9.883265,9.844957,9.883265,9.844957,9.883265,9.844957,notap
147,9.844957,9.883265,9.844957,9.883265,9.844957,9.883265,9.844957,9.883265,9.844957,9.883265,9.844957,9.883265,9.844957,9.883265,9.844957,9.883265,9.844957,9.883265,9.844957,9.883265,notap
148,9.883265,9.844957,9.883265,9.844957,9.883265,9.844957,9.883265,9.844957,9.883265,9.844957,9.883265,9.844957,9.883265,9.844957,9.883265,9.844957,9.883265,9.844957,9.883265,9.883265,notap
149,9.844957,9.883265,9.844957,9.883265,9.844957,9.883265,9.844957,9.883265,9.844957,9.883265,9.844957,9.883265,9.844957,9.883265,9.844957,9.883265,9.844957,9.883265,9.883265,9.844957,notap
150,9.883265,9.844957,9.883265,9.844957,9.883265,9.844957,9.883265,9.844957,9.883265,9.844957,9.883265,9.844957,9.883265,9.844957,9.883265,9.844957,9.883265,9.883265,9.844957,9.921572,notap
151,9.844957,9.883265,9.844957,9.883265,9.844957,9.883265,9.844957,9.883265,9.844957,9.883265,9.844957,9.883265,9.844957,9.883265,9.844957,9.883265,9.883265,9.844957,9.921572,9.883265,notap
152,9.883265,9.844957,9.883265,9.844957,9.883265,9.844957,9.883265,9.844957,9.883265,9.844957,9.883265,9.844957,9.883265,9.844957,9.883265,9.883265,9.844957,9.921572,9.883265,9.921572,notap
153,9.844957,9.883265,9.844957,9.883265,9.844957,9.883265,9.844957,9.883265,9.844957,9.883265,9.844957,9.883265,9.844957,9.883265,9.883265,9.844957,9.921572,9.883265,9.921572,9.883265,notap
154,9.883265,9.844957,9.883265,9.844957,9.883265,9.844957,9.883265,9.844957,9.883265,9.844957,9.883265,9.844957,9.883265,9.883265,9.844957,9.921572,9.883265,9.921572,9.883265,9.844957,notap
155,9.844957,9.883265,9.844957,9.883265,9.844957,9.883265,9.844957,9.883265,9.844957,9.883265,9.844957,9.883265,9.883265,9.844957,9.921572,9.883265,9.921572,9.883265,9.844957,9.883265,notap
156,9.883265,9.844957,9.883265,9.844957,9.883265,9.844957,9.883265,9.844957,9.883265,9.844957,9.883265,9.883265,9.844957,9.921572,9.883265,9.921572,9.883265,9.844957,9.883265,9.346964,notap
157,9.844957,9.883265,9.844957,9.883265,9.844957,9.883265,9.844957,9.883265,9.844957,9.883265,9.883265,9.844957,9.921572,9.883265,9.921572,9.883265,9.844957,9.883265,9.346964,10.342952,notap
158,9.883265,9.844957,9.883265,9.844957,9.883265,9.844957,9.883265,9.844957,9.883265,9.883265,9.844957,9.921572,9.883265,9.921572,9.883265,9.844957,9.883265,9.346964,10.342952,10.342952,notap
159,9.844957,9.883265,9.844957,9.883265,9.844957,9.883265,9.844957,9.883265,9.883265,9.844957,9.921572,9.883265,9.921572,9.883265,9.844957,9.883265,9.346964,10.342952,10.342952,9.80665,notap
160,9.883265,9.844957,9.883265,9.844957,9.883265,9.844957,9.883265,9.883265,9.844957,9.921572,9.883265,9.921572,9.883265,9.844957,9.883265,9.346964,10.342952,10.342952,9.80665,9.730036,notap
161,9.844957,9.883265,9.844957,9.883265,9.844957,9.883265,9.883265,9.844957,9.921572,9.883265,9.921572,9.883265,9.844957,9.883265,9.346964,10.342952,10.342952,9.80665,9.730036,10.266336,notap
162,9.883265,9.844957,9.883265,9.844957,9.883265,9.883265,9.844957,9.921572,9.883265,9.921572,9.883265,9.844957,9.883265,9.346964,10.342952,10.342952,9.80665,9.730036,10.266336,9.653421,notap
163,9.844957,9.883265,9.844957,9.883265,9.883265,9.844957,9.921572,9.883265,9.921572,9.883265,9.844957,9.883265,9.346964,10.342952,10.342952,9.80665,9.730036,10.266336,9.653421,9.730036,notap
164,9.883265,9.844957,9.883265,9.883265,9.844957,9.921572,9.883265,9.921572,9.883265,9.844957,9.883265,9.346964,10.342952,10.342952,9.80665,9.730036,10.266336,9.653421,9.730036,10.0748005,notap
165,9.844957,9.883265,9.883265,9.844957,9.921572,9.883265,9.921572,9.883265,9.844957,9.883265,9.346964,10.342952,10.342952,9.80665,9.730036,10.266336,9.653421,9.730036,10.0748005,9.653421,notap
166,9.883265,9.883265,9.844957,9.921572,9.883265,9.921572,9.883265,9.844957,9.883265,9.346964,10.342952,10.342952,9.80665,9.730036,10.266336,9.653421,9.730036,10.0748005,9.653421,9.998186,notap
167,9.883265,9.844957,9.921572,9.883265,9.921572,9.883265,9.844957,9.883265,9.346964,10.342952,10.342952,9.80665,9.730036,10.266336,9.653421,9.730036,10.0748005,9.653421,9.998186,9.768343,notap
168,9.844957,9.921572,9.883265,9.921572,9.883265,9.844957,9.883265,9.346964,10.342952,10.342952,9.80665,9.730036,10.266336,9.653421,9.730036,10.0748005,9.653421,9.998186,9.768343,9.959879,notap
169,9.921572,9.883265,9.921572,9.883265,9.844957,9.883265,9.346964,10.342952,10.342952,9.80665,9.730036,10.266336,9.653421,9.730036,10.0748005,9.653421,9.998186,9.768343,9.959879,10.036493,notap
170,9.883265,9.921572,9.883265,9.844957,9.883265,9.346964,10.342952,10.342952,9.80665,9.730036,10.266336,9.653421,9.730036,10.0748005,9.653421,9.998186,9.768343,9.959879,10.036493,9.80665,notap
171,9.921572,9.883265,9.844957,9.883265,9.346964,10.342952,10.342952,9.80665,9.730036,10.266336,9.653421,9.730036,10.0748005,9.653421,9.998186,9.768343,9.959879,10.036493,9.80665,9.998186,notap
172,9.883265,9.844957,9.883265,9.346964,10.342952,10.342952,9.80665,9.730036,10.266336,9.653421,9.730036,10.0748005,9.653421,9.998186,9.768343,9.959879,10.036493,9.80665,9.998186,9.844957,notap
173,9.844957,9.883265,9.346964,10.342952,10.342952,9.80665,9.730036,10.266336,9.653421,9.730036,10.0748005,9.653421,9.998186,9.768343,9.959879,10.036493,9.80665,9.998186,9.844957,9.998186,notap
174,9.883265,9.346964,10.342952,10.342952,9.80665,9.730036,10.266336,9.653421,9.730036,10.0748005,9.653421,9.998186,9.768343,9.959879,10.036493,9.80665,9.998186,9.844957,9.998186,9.959879,notap
175,9.346964,10.342952,10.342952,9.80665,9.730036,10.266336,9.653421,9.730036,10.0748005,9.653421,9.998186,9.768343,9.959879,10.036493,9.80665,9.998186,9.844957,9.998186,9.959879,9.998186,notap
176,10.342952,10.342952,9.80665,9.730036,10.266336,9.653421,9.730036,10.0748005,9.653421,9.998186,9.768343,9.959879,10.036493,9.80665,9.998186,9.844957,9.998186,9.959879,9.998186,9.921572,notap
177,10.342952,9.80665,9.730036,10.266336,9.653421,9.730036,10.0748005,9.653421,9.998186,9.768343,9.959879,10.036493,9.80665,9.998186,9.844957,9.998186,9.959879,9.998186,9.921572,9.921572,notap
178,9.80665,9.730036,10.266336,9.653421,9.730036,10.0748005,9.653421,9.998186,9.768343,9.959879,10.036493,9.80665,9.998186,9.844957,9.998186,9.959879,9.998186,9.921572,9.921572,9.959879,notap
179,9.730036,10.266336,9.653421,9.730036,10.0748005,9.653421,9.998186,9.768343,9.959879,10.036493,9.80665,9.998186,9.844957,9.998186,9.959879,9.998186,9.921572,9.921572,9.959879,9.921572,notap
180,10.266336,9.653421,9.730036,10.0748005,9.653421,9.998186,9.768343,9.959879,10.036493,9.80665,9.998186,9.844957,9.998186,9.959879,9.998186,9.921572,9.921572,9.959879,9.921572,9.921572,notap
181,9.653421,9.730036,10.0748005,9.653421,9.998186,9.768343,9.959879,10.036493,9.80665,9.998186,9.844957,9.998186,9.959879,9.998186,9.921572,9.921572,9.959879,9.921572,9.921572,9.998186,notap
182,9.730036,10.0748005,9.653421,9.998186,9.768343,9.959879,10.036493,9.80665,9.998186,9.844957,9.998186,9.959879,9.998186,9.921572,9.921572,9.959879,9.921572,9.921572,9.998186,9.959879,notap
183,10.0748005,9.653421,9.998186,9.768343,9.959879,10.036493,9.80665,9.998186,9.844957,9.998186,9.959879,9.998186,9.921572,9.921572,9.959879,9.921572,9.921572,9.998186,9.959879,9.921572,notap
184,9.653421,9.998186,9.768343,9.959879,10.036493,9.80665,9.998186,9.844957,9.998186,9.959879,9.998186,9.921572,9.921572,9.959879,9.921572,9.921572,9.998186,9.959879,9.921572,9.921572,notap
185,9.998186,9.768343,9.959879,10.036493,9.80665,9.998186,9.844957,9.998186,9.959879,9.998186,9.921572,9.921572,9.959879,9.921572,9.921572,9.998186,9.959879,9.921572,9.921572,9.959879,notap
186,9.768343,9.959879,10.036493,9.80665,9.998186,9.844957,9.998186,9.959879,9.998186,9.921572,9.921572,9.959879,9.921572,9.921572,9.998186,9.959879,9.921572,9.921572,9.959879,9.959879,notap
187,9.959879,10.036493,9.80665,9.998186,9.844957,9.998186,9.959879,9.998186,9.921572,9.921572,9.959879,9.921572,9.921572,9.998186,9.959879,9.921572,9.921572,9.959879,9.959879,9.921572,notap
188,10.036493,9.80665,9.998186,9.844957,9.998186,9.959879,9.998186,9.921572,9.921572,9.959879,9.921572,9.921572,9.998186,9.959879,9.921572,9.921572,9.959879,9.959879,9.921572,9.959879,notap
189,9.80665,9.998186,9.844957,9.998186,9.959879,9.998186,9.921572,9.921572,9.959879,9.921572,9.921572,9.998186,9.959879,9.921572,9.921572,9.959879,9.959879,9.921572,9.959879,9.921572,notap
190,9.998186,9.844957,9.998186,9.959879,9.998186,9.921572,9.921572,9.959879,9.921572,9.921572,9.998186,9.959879,9.921572,9.921572,9.959879,9.959879,9.921572,9.959879,9.921572,9.959879,notap
191,9.844957,9.998186,9.959879,9.998186,9.921572,9.921572,9.959879,9.921572,9.921572,9.998186,9.959879,9.921572,9.921572,9.959879,9.959879,9.921572,9.959879,9.921572,9.959879,9.959879,notap
192,9.998186,9.959879,9.998186,9.921572,9.921572,9.959879,9.921572,9.921572,9.998186,9.959879,9.921572,9.921572,9.959879,9.959879,9.921572,9.959879,9.921572,9.959879,9.959879,9.921572,notap
193,9.959879,9.998186,9.921572,9.921572,9.959879,9.921572,9.921572,9.998186,9.959879,9.921572,9.921572,9.959879,9.959879,9.921572,9.959879,9.921572,9.959879,9.959879,9.921572,9.921572,notap
194,9.998186,9.921572,9.921572,9.959879,9.921572,9.921572,9.998186,9.959879,9.921572,9.921572,9.959879,9.959879,9.921572,9.959879,9.921572,9.959879,9.959879,9.921572,9.921572,9.921572,notap
195,9.921572,9.921572,9.959879,9.921572,9.921572,9.998186,9.959879,9.921572,9.921572,9.959879,9.959879,9.921572,9.959879,9.921572,9.959879,9.959879,9.921572,9.921572,9.921572,9.921572,notap
196,9.921572,9.959879,9.921572,9.921572,9.998186,9.959879,9.921572,9.921572,9.959879,9.959879,9.921572,9.959879,9.921572,9.959879,9.959879,9.921572,9.921572,9.921572,9.921572,10.151415,notap
197,9.959879,9.921572,9.921572,9.998186,9.959879,9.921572,9.921572,9.959879,9.959879,9.921572,9.959879,9.921572,9.959879,9.959879,9.921572,9.921572,9.921572,9.921572,10.151415,9.844957,notap
198,9.921572,9.921572,9.998186,9.959879,9.921572,9.921572,9.959879,9.959879,9.921572,9.959879,9.921572,9.959879,9.959879,9.921572,9.921572,9.921572,9.921572,10.151415,9.844957,9.921572,notap
199,9.921572,9.998186,9.959879,9.921572,9.921572,9.959879,9.959879,9.921572,9.959879,9.921572,9.959879,9.959879,9.921572,9.921572,9.921572,9.921572,10.151415,9.844957,9.921572,9.921572,notap
200,9.998186,9.959879,9.921572,9.921572,9.959879,9.959879,9.921572,9.959879,9.921572,9.959879,9.959879,9.921572,9.921572,9.921572,9.921572,10.151415,9.844957,9.921572,9.921572,9.959879,notap
201,9.959879,9.921572,9.921572,9.959879,9.959879,9.921572,9.959879,9.921572,9.959879,9.959879,9.921572,9.921572,9.921572,9.921572,10.151415,9.844957,9.921572,9.921572,9.959879,9.921572,notap
202,9.921572,9.921572,9.959879,9.959879,9.921572,9.959879,9.921572,9.959879,9.959879,9.921572,9.921572,9.921572,9.921572,10.151415,9.844957,9.921572,9.921572,9.959879,9.921572,9.959879,notap
203,9.921572,9.959879,9.959879,9.921572,9.959879,9.921572,9.959879,9.959879,9.921572,9.921572,9.921572,9.921572,10.151415,9.844957,9.921572,9.921572,9.959879,9.921572,9.959879,9.921572,notap
204,9.959879,9.959879,9.921572,9.959879,9.921572,9.959879,9.959879,9.921572,9.921572,9.921572,9.921572,10.151415,9.844957,9.921572,9.921572,9.959879,9.921572,9.959879,9.921572,9.959879,notap
205,9.959879,9.921572,9.959879,9.921572,9.959879,9.959879,9.921572,9.921572,9.921572,9.921572,10.151415,9.844957,9.921572,9.921572,9.959879,9.921572,9.959879,9.921572,9.959879,9.959879,notap
206,9.921572,9.959879,9.921572,9.959879,9.959879,9.921572,9.921572,9.921572,9.921572,10.151415,9.844957,9.921572,9.921572,9.959879,9.921572,9.959879,9.921572,9.959879,9.959879,9.959879,notap
207,9.959879,9.921572,9.959879,9.959879,9.921572,9.921572,9.921572,9.921572,10.151415,9.844957,9.921572,9.921572,9.959879,9.921572,9.959879,9.921572,9.959879,9.959879,9.959879,9.921572,notap
208,9.921572,9.959879,9.959879,9.921572,9.921572,9.921572,9.921572,10.151415,9.844957,9.921572,9.921572,9.959879,9.921572,9.959879,9.921572,9.959879,9.959879,9.959879,9.921572,9.921572,notap
209,9.959879,9.959879,9.921572,9.921572,9.921572,9.921572,10.151415,9.844957,9.921572,9.921572,9.959879,9.921572,9.959879,9.921572,9.959879,9.959879,9.959879,9.921572,9.921572,9.921572,notap
210,9.959879,9.921572,9.921572,9.921572,9.921572,10.151415,9.844957,9.921572,9.921572,9.959879,9.921572,9.959879,9.921572,9.959879,9.959879,9.959879,9.921572,9.921572,9.921572,9.959879,notap
211,9.921572,9.921572,9.921572,9.921572,10.151415,9.844957,9.921572,9.921572,9.959879,9.921572,9.959879,9.921572,9.959879,9.959879,9.959879,9.921572,9.921572,9.921572,9.959879,9.921572,notap
212,9.921572,9.921572,9.921572,10.151415,9.844957,9.921572,9.921572,9.959879,9.921572,9.959879,9.921572,9.959879,9.959879,9.959879,9.921572,9.921572,9.921572,9.959879,9.921572,9.921572,notap
213,9.921572,9.921572,10.151415,9.844957,9.921572,9.921572,9.959879,9.921572,9.959879,9.921572,9.959879,9.959879,9.959879,9.921572,9.921572,9.921572,9.959879,9.921572,9.921572,9.959879,notap
214,9.921572,10.151415,9.844957,9.921572,9.921572,9.959879,9.921572,9.959879,9.921572,9.959879,9.959879,9.959879,9.921572,9.921572,9.921572,9.959879,9.921572,9.921572,9.959879,9.921572,notap
215,10.151415,9.844957,9.921572,9.921572,9.959879,9.921572,9.959879,9.921572,9.959879,9.959879,9.959879,9.921572,9.921572,9.921572,9.959879,9.921572,9.921572,9.959879,9.921572,9.921572,notap
216,9.844957,9.921572,9.921572,9.959879,9.921572,9.959879,9.921572,9.959879,9.959879,9.959879,9.921572,9.921572,9.921572,9.959879,9.921572,9.921572,9.959879,9.921572,9.921572,9.921572,notap
217,9.921572,9.921572,9.959879,9.921572,9.959879,9.921572,9.959879,9.959879,9.959879,9.921572,9.921572,9.921572,9.959879,9.921572,9.921572,9.959879,9.921572,9.921572,9.921572,9.959879,notap
218,9.921572,9.959879,9.921572,9.959879,9.921572,9.959879,9.959879,9.959879,9.921572,9.921572,9.921572,9.959879,9.921572,9.921572,9.959879,9.921572,9.921572,9.921572,9.959879,9.921572,notap
219,9.959879,9.921572,9.959879,9.921572,9.959879,9.959879,9.959879,9.921572,9.921572,9.921572,9.959879,9.921572,9.921572,9.959879,9.921572,9.921572,9.921572,9.959879,9.921572,9.921572,notap
220,9.921572,9.959879,9.921572,9.959879,9.959879,9.959879,9.921572,9.921572,9.921572,9.959879,9.921572,9.921572,9.959879,9.921572,9.921572,9.921572,9.959879,9.921572,9.921572,9.921572,notap
221,9.959879,9.921572,9.959879,9.959879,9.959879,9.921572,9.921572,9.921572,9.959879,9.921572,9.921572,9.959879,9.921572,9.921572,9.921572,9.959879,9.921572,9.921572,9.921572,9.921572,notap
222,9.921572,9.959879,9.959879,9.959879,9.921572,9.921572,9.921572,9.959879,9.921572,9.921572,9.959879,9.921572,9.921572,9.921572,9.959879,9.921572,9.921572,9.921572,9.921572,9.921572,notap
223,9.959879,9.959879,9.959879,9.921572,9.921572,9.921572,9.959879,9.921572,9.921572,9.959879,9.921572,9.921572,9.921572,9.959879,9.921572,9.921572,9.921572,9.921572,9.921572,9.921572,notap
224,9.959879,9.959879,9.921572,9.921572,9.921572,9.959879,9.921572,9.921572,9.959879,9.921572,9.921572,9.921572,9.959879,9.921572,9.921572,9.921572,9.921572,9.921572,9.921572,9.921572,notap
225,9.959879,9.921572,9.921572,9.921572,9.959879,9.921572,9.921572,9.959879,9.921572,9.921572,9.921572,9.959879,9.921572,9.921572,9.921572,9.921572,9.921572,9.921572,9.921572,9.921572,notap
226,9.921572,9.921572,9.921572,9.959879,9.921572,9.921572,9.959879,9.921572,9.921572,9.921572,9.959879,9.921572,9.921572,9.921572,9.921572,9.921572,9.921572,9.921572,9.921572,9.921572,notap
227,9.921572,9.921572,9.959879,9.921572,9.921572,9.959879,9.921572,9.921572,9.921572,9.959879,9.921572,9.921572,9.921572,9.921572,9.921572,9.921572,9.921572,9.921572,9.921572,9.921572,notap
228,9.921572,9.959879,9.921572,9.921572,9.959879,9.921572,9.921572,9.921572,9.959879,9.921572,9.921572,9.921572,9.921572,9.921572,9.921572,9.921572,9.921572,9.921572,9.921572,9.921572,notap
229,9.959879,9.921572,9.921572,9.959879,9.921572,9.921572,9.921572,9.959879,9.921572,9.921572,9.921572,9.921572,9.921572,9.921572,9.921572,9.921572,9.921572,9.921572,9.921572,9.921572,notap
230,9.921572,9.921572,9.959879,9.921572,9.921572,9.921572,9.959879,9.921572,9.921572,9.921572,9.921572,9.921572,9.921572,9.921572,9.921572,9.921572,9.921572,9.921572,9.921572,9.883265,notap
231,9.921572,9.959879,9.921572,9.921572,9.921572,9.959879,9.921572,9.921572,9.921572,9.921572,9.921572,9.921572,9.921572,9.921572,9.921572,9.921572,9.921572,9.921572,9.883265,9.921572,notap
232,9.959879,9.921572,9.921572,9.921572,9.959879,9.921572,9.921572,9.921572,9.921572,9.921572,9.921572,9.921572,9.921572,9.921572,9.921572,9.921572,9.921572,9.883265,9.921572,9.883265,notap
233,9.921572,9.921572,9.921572,9.959879,9.921572,9.921572,9.921572,9.921572,9.921572,9.921572,9.921572,9.921572,9.921572,9.921572,9.921572,9.921572,9.883265,9.921572,9.883265,9.883265,notap
234,9.921572,9.921572,9.959879,9.921572,9.921572,9.921572,9.921572,9.921572,9.921572,9.921572,9.921572,9.921572,9.921572,9.921572,9.921572,9.883265,9.921572,9.883265,9.883265,9.883265,notap
235,9.921572,9.959879,9.921572,9.921572,9.921572,9.921572,9.921572,9.921572,9.921572,9.921572,9.921572,9.921572,9.921572,9.921572,9.883265,9.921572,9.883265,9.883265,9.883265,9.883265,notap
236,9.959879,9.921572,9.921572,9.921572,9.921572,9.921572,9.921572,9.921572,9.921572,9.921572,9.921572,9.921572,9.921572,9.883265,9.921572,9.883265,9.883265,9.883265,9.883265,9.883265,notap
237,9.921572,9.921572,9.921572,9.921572,9.921572,9.921572,9.921572,9.921572,9.921572,9.921572,9.921572,9.921572,9.883265,9.921572,9.883265,9.883265,9.883265,9.883265,9.883265,9.921572,notap
238,9.921572,9.921572,9.921572,9.921572,9.921572,9.921572,9.921572,9.921572,9.921572,9.921572,9.921572,9.883265,9.921572,9.883265,9.883265,9.883265,9.883265,9.883265,9.921572,9.883265,notap
239,9.921572,9.921572,9.921572,9.921572,9.921572,9.921572,9.921572,9.921572,9.921572,9.921572,9.883265,9.921572,9.883265,9.883265,9.883265,9.883265,9.883265,9.921572,9.883265,9.921572,notap
240,9.921572,9.921572,9.921572,9.921572,9.921572,9.921572,9.921572,9.921572,9.921572,9.883265,9.921572,9.883265,9.883265,9.883265,9.883265,9.883265,9.921572,9.883265,9.921572,9.883265,notap
241,9.921572,9.921572,9.921572,9.921572,9.921572,9.921572,9.921572,9.921572,9.883265,9.921572,9.883265,9.883265,9.883265,9.883265,9.883265,9.921572,9.883265,9.921572,9.883265,9.921572,notap
242,9.921572,9.921572,9.921572,9.921572,9.921572,9.921572,9.921572,9.883265,9.921572,9.883265,9.883265,9.883265,9.883265,9.883265,9.921572,9.883265,9.921572,9.883265,9.921572,9.883265,notap
243,9.921572,9.921572,9.921572,9.921572,9.921572,9.921572,9.883265,9.921572,9.883265,9.883265,9.883265,9.883265,9.883265,9.921572,9.883265,9.921572,9.883265,9.921572,9.883265,9.883265,notap
244,9.921572,9.921572,9.921572,9.921572,9.921572,9.883265,9.921572,9.883265,9.883265,9.883265,9.883265,9.883265,9.921572,9.883265,9.921572,9.883265,9.921572,9.883265,9.883265,9.883265,notap
245,9.921572,9.921572,9.921572,9.921572,9.883265,9.921572,9.883265,9.883265,9.883265,9.883265,9.883265,9.921572,9.883265,9.921572,9.883265,9.921572,9.883265,9.883265,9.883265,9.883265,notap
246,9.921572,9.921572,9.921572,9.883265,9.921572,9.883265,9.883265,9.883265,9.883265,9.883265,9.921572,9.883265,9.921572,9.883265,9.921572,9.883265,9.883265,9.883265,9.883265,9.883265,notap
247,9.921572,9.921572,9.883265,9.921572,9.883265,9.883265,9.883265,9.883265,9.883265,9.921572,9.883265,9.921572,9.883265,9.921572,9.883265,9.883265,9.883265,9.883265,9.883265,9.844957,notap
248,9.921572,9.883265,9.921572,9.883265,9.883265,9.883265,9.883265,9.883265,9.921572,9.883265,9.921572,9.883265,9.921572,9.883265,9.883265,9.883265,9.883265,9.883265,9.844957,9.883265,notap
249,9.883265,9.921572,9.883265,9.883265,9.883265,9.883265,9.883265,9.921572,9.883265,9.921572,9.883265,9.921572,9.883265,9.883265,9.883265,9.883265,9.883265,9.844957,9.883265,9.883265,notap
250,9.921572,9.883265,9.883265,9.883265,9.883265,9.883265,9.921572,9.883265,9.921572,9.883265,9.921572,9.883265,9.883265,9.883265,9.883265,9.883265,9.844957,9.883265,9.883265,9.883265,notap
251,9.883265,9.883265,9.883265,9.883265,9.883265,9.921572,9.883265,9.921572,9.883265,9.921572,9.883265,9.883265,9.883265,9.883265,9.883265,9.844957,9.883265,9.883265,9.883265,9.883265,notap
252,9.883265,9.883265,9.883265,9.883265,9.921572,9.883265,9.921572,9.883265,9.921572,9.883265,9.883265,9.883265,9.883265,9.883265,9.844957,9.883265,9.883265,9.883265,9.883265,9.844957,notap
253,9.883265,9.883265,9.883265,9.921572,9.883265,9.921572,9.883265,9.921572,9.883265,9.883265,9.883265,9.883265,9.883265,9.844957,9.883265,9.883265,9.883265,9.883265,9.844957,9.883265,notap
254,9.883265,9.883265,9.921572,9.883265,9.921572,9.883265,9.921572,9.883265,9.883265,9.883265,9.883265,9.883265,9.844957,9.883265,9.883265,9.883265,9.883265,9.844957,9.883265,9.883265,notap
255,9.883265,9.921572,9.883265,9.921572,9.883265,9.921572,9.883265,9.883265,9.883265,9.883265,9.883265,9.844957,9.883265,9.883265,9.883265,9.883265,9.844957,9.883265,9.883265,9.883265,notap
256,9.921572,9.883265,9.921572,9.883265,9.921572,9.883265,9.883265,9.883265,9.883265,9.883265,9.844957,9.883265,9.883265,9.883265,9.883265,9.844957,9.883265,9.883265,9.883265,9.883265,notap
257,9.883265,9.921572,9.883265,9.921572,9.883265,9.883265,9.883265,9.883265,9.883265,9.844957,9.883265,9.883265,9.883265,9.883265,9.844957,9.883265,9.883265,9.883265,9.883265,9.883265,notap
258,9.921572,9.883265,9.921572,9.883265,9.883265,9.883265,9.883265,9.883265,9.844957,9.883265,9.883265,9.883265,9.883265,9.844957,9.883265,9.883265,9.883265,9.883265,9.883265,9.883265,notap
259,9.883265,9.921572,9.883265,9.883265,9.883265,9.883265,9.883265,9.844957,9.883265,9.883265,9.883265,9.883265,9.844957,9.883265,9.883265,9.883265,9.883265,9.883265,9.883265,9.883265,notap
260,9.921572,9.883265,9.883265,9.883265,9.883265,9.883265,9.844957,9.883265,9.883265,9.883265,9.883265,9.844957,9.883265,9.883265,9.883265,9.883265,9.883265,9.883265,9.883265,9.844957,notap
261,9.883265,9.883265,9.883265,9.883265,9.883265,9.844957,9.883265,9.883265,9.883265,9.883265,9.844957,9.883265,9.883265,9.883265,9.883265,9.883265,9.883265,9.883265,9.844957,9.883265,notap
262,9.883265,9.883265,9.883265,9.883265,9.844957,9.883265,9.883265,9.883265,9.883265,9.844957,9.883265,9.883265,9.883265,9.883265,9.883265,9.883265,9.883265,9.844957,9.883265,9.883265,notap
263,9.883265,9.883265,9.883265,9.844957,9.883265,9.883265,9.883265,9.883265,9.844957,9.883265,9.883265,9.883265,9.883265,9.883265,9.883265,9.883265,9.844957,9.883265,9.883265,9.883265,notap
264,9.883265,9.883265,9.844957,9.883265,9.883265,9.883265,9.883265,9.844957,9.883265,9.883265,9.883265,9.883265,9.883265,9.883265,9.883265,9.844957,9.883265,9.883265,9.883265,9.883265,notap
265,9.883265,9.844957,9.883265,9.883265,9.883265,9.883265,9.844957,9.883265,9.883265,9.883265,9.883265,9.883265,9.883265,9.883265,9.844957,9.883265,9.883265,9.883265,9.883265,9.883265,notap
266,9.844957,9.883265,9.883265,9.883265,9.883265,9.844957,9.883265,9.883265,9.883265,9.883265,9.883265,9.883265,9.883265,9.844957,9.883265,9.883265,9.883265,9.883265,9.883265,9.883265,notap
267,9.883265,9.883265,9.883265,9.883265,9.844957,9.883265,9.883265,9.883265,9.883265,9.883265,9.883265,9.883265,9.844957,9.883265,9.883265,9.883265,9.883265,9.883265,9.883265,9.883265,notap
268,9.883265,9.883265,9.883265,9.844957,9.883265,9.883265,9.883265,9.883265,9.883265,9.883265,9.883265,9.844957,9.883265,9.883265,9.883265,9.883265,9.883265,9.883265,9.883265,9.921572,notap
269,9.883265,9.883265,9.844957,9.883265,9.883265,9.883265,9.883265,9.883265,9.883265,9.883265,9.844957,9.883265,9.883265,9.883265,9.883265,9.883265,9.883265,9.883265,9.921572,9.883265,notap
270,9.883265,9.844957,9.883265,9.883265,9.883265,9.883265,9.883265,9.883265,9.883265,9.844957,9.883265,9.883265,9.883265,9.883265,9.883265,9.883265,9.883265,9.921572,9.883265,9.921572,notap
271,9.844957,9.883265,9.883265,9.883265,9.883265,9.883265,9.883265,9.883265,9.844957,9.883265,9.883265,9.883265,9.883265,9.883265,9.883265,9.883265,9.921572,9.883265,9.921572,9.883265,notap
272,9.883265,9.883265,9.883265,9.883265,9.883265,9.883265,9.883265,9.844957,9.883265,9.883265,9.883265,9.883265,9.883265,9.883265,9.883265,9.921572,9.883265,9.921572,9.883265,9.921572,notap
273,9.883265,9.883265,9.883265,9.883265,9.883265,9.883265,9.844957,9.883265,9.883265,9.883265,9.883265,9.883265,9.883265,9.883265,9.921572,9.883265,9.921572,9.883265,9.921572,9.883265,notap
274,9.883265,9.883265,9.883265,9.883265,9.883265,9.844957,9.883265,9.883265,9.883265,9.883265,9.883265,9.883265,9.883265,9.921572,9.883265,9.921572,9.883265,9.921572,9.883265,9.883265,notap
275,9.883265,9.883265,9.883265,9.883265,9.844957,9.883265,9.883265,9.883265,9.883265,9.883265,9.883265,9.883265,9.921572,9.883265,9.921572,9.883265,9.921572,9.883265,9.883265,9.921572,notap
276,9.883265,9.883265,9.883265,9.844957,9.883265,9.883265,9.883265,9.883265,9.883265,9.883265,9.883265,9.921572,9.883265,9.921572,9.883265,9.921572,9.883265,9.883265,9.921572,9.921572,notap
277,9.883265,9.883265,9.844957,9.883265,9.883265,9.883265,9.883265,9.883265,9.883265,9.883265,9.921572,9.883265,9.921572,9.883265,9.921572,9.883265,9.883265,9.921572,9.921572,9.883265,notap
278,9.883265,9.844957,9.883265,9.883265,9.883265,9.883265,9.883265,9.883265,9.883265,9.921572,9.883265,9.921572,9.883265,9.921572,9.883265,9.883265,9.921572,9.921572,9.883265,9.883265,notap
279,9.844957,9.883265,9.883265,9.883265,9.883265,9.883265,9.883265,9.883265,9.921572,9.883265,9.921572,9.883265,9.921572,9.883265,9.883265,9.921572,9.921572,9.883265,9.883265,9.921572,notap
280,9.883265,9.883265,9.883265,9.883265,9.883265,9.883265,9.883265,9.921572,9.883265,9.921572,9.883265,9.921572,9.883265,9.883265,9.921572,9.921572,9.883265,9.883265,9.921572,9.883265,notap
281,9.883265,9.883265,9.883265,9.883265,9.883265,9.883265,9.921572,9.883265,9.921572,9.883265,9.921572,9.883265,9.883265,9.921572,9.921572,9.883265,9.883265,9.921572,9.883265,9.921572,notap
282,9.883265,9.883265,9.883265,9.883265,9.883265,9.921572,9.883265,9.921572,9.883265,9.921572,9.883265,9.883265,9.921572,9.921572,9.883265,9.883265,9.921572,9.883265,9.921572,9.883265,notap
283,9.883265,9.883265,9.883265,9.883265,9.921572,9.883265,9.921572,9.883265,9.921572,9.883265,9.883265,9.921572,9.921572,9.883265,9.883265,9.921572,9.883265,9.921572,9.883265,9.921572,notap
284,9.883265,9.883265,9.883265,9.921572,9.883265,9.921572,9.883265,9.921572,9.883265,9.883265,9.921572,9.921572,9.883265,9.883265,9.921572,9.883265,9.921572,9.883265,9.921572,9.883265,notap
285,9.883265,9.883265,9.921572,9.883265,9.921572,9.883265,9.921572,9.883265,9.883265,9.921572,9.921572,9.883265,9.883265,9.921572,9.883265,9.921572,9.883265,9.921572,9.883265,9.921572,notap
286,9.883265,9.921572,9.883265,9.921572,9.883265,9.921572,9.883265,9.883265,9.921572,9.921572,9.883265,9.883265,9.921572,9.883265,9.921572,9.883265,9.921572,9.883265,9.921572,9.883265,notap
287,9.921572,9.883265,9.921572,9.883265,9.921572,9.883265,9.883265,9.921572,9.921572,9.883265,9.883265,9.921572,9.883265,9.921572,9.883265,9.921572,9.883265,9.921572,9.883265,9.921572,notap
288,9.883265,9.921572,9.883265,9.921572,9.883265,9.883265,9.921572,9.921572,9.883265,9.883265,9.921572,9.883265,9.921572,9.883265,9.921572,9.883265,9.921572,9.883265,9.921572,9.883265,notap
289,9.921572,9.883265,9.921572,9.883265,9.883265,9.921572,9.921572,9.883265,9.883265,9.921572,9.883265,9.921572,9.883265,9.921572,9.883265,9.921572,9.883265,9.921572,9.883265,9.921572,notap
290,9.883265,9.921572,9.883265,9.883265,9.921572,9.921572,9.883265,9.883265,9.921572,9.883265,9.921572,9.883265,9.921572,9.883265,9.921572,9.883265,9.921572,9.883265,9.921572,9.883265,notap
291,9.921572,9.883265,9.883265,9.921572,9.921572,9.883265,9.883265,9.921572,9.883265,9.921572,9.883265,9.921572,9.883265,9.921572,9.883265,9.921572,9.883265,9.921572,9.883265,9.883265,notap
292,9.883265,9.883265,9.921572,9.921572,9.883265,9.883265,9.921572,9.883265,9.921572,9.883265,9.921572,9.883265,9.921572,9.883265,9.921572,9.883265,9.921572,9.883265,9.883265,9.883265,notap
293,9.883265,9.921572,9.921572,9.883265,9.883265,9.921572,9.883265,9.921572,9.883265,9.921572,9.883265,9.921572,9.883265,9.921572,9.883265,9.921572,9.883265,9.883265,9.883265,9.883265,notap
294,9.921572,9.921572,9.883265,9.883265,9.921572,9.883265,9.921572,9.883265,9.921572,9.883265,9.921572,9.883265,9.921572,9.883265,9.921572,9.883265,9.883265,9.883265,9.883265,9.883265,notap
295,9.921572,9.883265,9.883265,9.921572,9.883265,9.921572,9.883265,9.921572,9.883265,9.921572,9.883265,9.921572,9.883265,9.921572,9.883265,9.883265,9.883265,9.883265,9.883265,9.844957,notap
296,9.883265,9.883265,9.921572,9.883265,9.921572,9.883265,9.921572,9.883265,9.921572,9.883265,9.921572,9.883265,9.921572,9.883265,9.883265,9.883265,9.883265,9.883265,9.844957,9.883265,notap
297,9.883265,9.921572,9.883265,9.921572,9.883265,9.921572,9.883265,9.921572,9.883265,9.921572,9.883265,9.921572,9.883265,9.883265,9.883265,9.883265,9.883265,9.844957,9.883265,9.844957,notap
298,9.921572,9.883265,9.921572,9.883265,9.921572,9.883265,9.921572,9.883265,9.921572,9.883265,9.921572,9.883265,9.883265,9.883265,9.883265,9.883265,9.844957,9.883265,9.844957,9.883265,notap
299,9.883265,9.921572,9.883265,9.921572,9.883265,9.921572,9.883265,9.921572,9.883265,9.921572,9.883265,9.883265,9.883265,9.883265,9.883265,9.844957,9.883265,9.844957,9.883265,9.844957,notap
300,9.921572,9.883265,9.921572,9.883265,9.921572,9.883265,9.921572,9.883265,9.921572,9.883265,9.883265,9.883265,9.883265,9.883265,9.844957,9.883265,9.844957,9.883265,9.844957,9.883265,notap
301,9.883265,9.921572,9.883265,9.921572,9.883265,9.921572,9.883265,9.921572,9.883265,9.883265,9.883265,9.883265,9.883265,9.844957,9.883265,9.844957,9.883265,9.844957,9.883265,9.844957,notap
302,9.921572,9.883265,9.921572,9.883265,9.921572,9.883265,9.921572,9.883265,9.883265,9.883265,9.883265,9.883265,9.844957,9.883265,9.844957,9.883265,9.844957,9.883265,9.844957,9.883265,notap
303,9.883265,9.921572,9.883265,9.921572,9.883265,9.921572,9.883265,9.883265,9.883265,9.883265,9.883265,9.844957,9.883265,9.844957,9.883265,9.844957,9.883265,9.844957,9.883265,9.844957,notap
304,9.921572,9.883265,9.921572,9.883265,9.921572,9.883265,9.883265,9.883265,9.883265,9.883265,9.844957,9.883265,9.844957,9.883265,9.844957,9.883265,9.844957,9.883265,9.844957,9.883265,notap
305,9.883265,9.921572,9.883265,9.921572,9.883265,9.883265,9.883265,9.883265,9.883265,9.844957,9.883265,9.844957,9.883265,9.844957,9.883265,9.844957,9.883265,9.844957,9.883265,9.844957,notap
306,9.921572,9.883265,9.921572,9.883265,9.883265,9.883265,9.883265,9.883265,9.844957,9.883265,9.844957,9.883265,9.844957,9.883265,9.844957,9.883265,9.844957,9.883265,9.844957,9.883265,notap
307,9.883265,9.921572,9.883265,9.883265,9.883265,9.883265,9.883265,9.844957,9.883265,9.844957,9.883265,9.844957,9.883265,9.844957,9.883265,9.844957,9.883265,9.844957,9.883265,9.844957,notap
308,9.921572,9.883265,9.883265,9.883265,9.883265,9.883265,9.844957,9.883265,9.844957,9.883265,9.844957,9.883265,9.844957,9.883265,9.844957,9.883265,9.844957,9.883265,9.844957,9.883265,notap
309,9.883265,9.883265,9.883265,9.883265,9.883265,9.844957,9.883265,9.844957,9.883265,9.844957,9.883265,9.844957,9.883265,9.844957,9.883265,9.844957,9.883265,9.844957,9.883265,9.844957,notap
310,9.883265,9.883265,9.883265,9.883265,9.844957,9.883265,9.844957,9.883265,9.844957,9.883265,9.844957,9.883265,9.844957,9.883265,9.844957,9.883265,9.844957,9.883265,9.844957,9.883265,notap
311,9.883265,9.883265,9.883265,9.844957,9.883265,9.844957,9.883265,9.844957,9.883265,9.844957,9.883265,9.844957,9.883265,9.844957,9.883265,9.844957,9.883265,9.844957,9.883265,9.844957,notap
312,9.883265,9.883265,9.844957,9.883265,9.844957,9.883265,9.844957,9.883265,9.844957,9.883265,9.844957,9.883265,9.844957,9.883265,9.844957,9.883265,9.844957,9.883265,9.844957,9.883265,notap
313,9.883265,9.844957,9.883265,9.844957,9.883265,9.844957,9.883265,9.844957,9.883265,9.844957,9.883265,9.844957,9.883265,9.844957,9.883265,9.844957,9.883265,9.844957,9.883265,9.844957,notap
314,9.844957,9.883265,9.844957,9.883265,9.844957,9.883265,9.844957,9.883265,9.844957,9.883265,9.844957,9.883265,9.844957,9.883265,9.844957,9.883265,9.844957,9.883265,9.844957,9.883265,notap
315,9.883265,9.844957,9.883265,9.844957,9.883265,9.844957,9.883265,9.844957,9.883265,9.844957,9.883265,9.844957,9.883265,9.844957,9.883265,9.844957,9.883265,9.844957,9.883265,9.844957,notap
316,9.844957,9.883265,9.844957,9.883265,9.844957,9.883265,9.844957,9.883265,9.844957,9.883265,9.844957,9.883265,9.844957,9.883265,9.844957,9.883265,9.844957,9.883265,9.844957,9.883265,notap
317,9.883265,9.844957,9.883265,9.844957,9.883265,9.844957,9.883265,9.844957,9.883265,9.844957,9.883265,9.844957,9.883265,9.844957,9.883265,9.844957,9.883265,9.844957,9.883265,9.844957,notap
318,9.844957,9.883265,9.844957,9.883265,9.844957,9.883265,9.844957,9.883265,9.844957,9.883265,9.844957,9.883265,9.844957,9.883265,9.844957,9.883265,9.844957,9.883265,9.844957,9.883265,notap
319,9.883265,9.844957,9.883265,9.844957,9.883265,9.844957,9.883265,9.844957,9.883265,9.844957,9.883265,9.844957,9.883265,9.844957,9.883265,9.844957,9.883265,9.844957,9.883265,9.844957,notap
320,9.844957,9.883265,9.844957,9.883265,9.844957,9.883265,9.844957,9.883265,9.844957,9.883265,9.844957,9.883265,9.844957,9.883265,9.844957,9.883265,9.844957,9.883265,9.844957,9.883265,notap
321,9.883265,9.844957,9.883265,9.844957,9.883265,9.844957,9.883265,9.844957,9.883265,9.844957,9.883265,9.844957,9.883265,9.844957,9.883265,9.844957,9.883265,9.844957,9.883265,9.844957,notap
322,9.844957,9.883265,9.844957,9.883265,9.844957,9.883265,9.844957,9.883265,9.844957,9.883265,9.844957,9.883265,9.844957,9.883265,9.844957,9.883265,9.844957,9.883265,9.844957,9.883265,notap
323,9.883265,9.844957,9.883265,9.844957,9.883265,9.844957,9.883265,9.844957,9.883265,9.844957,9.883265,9.844957,9.883265,9.844957,9.883265,9.844957,9.883265,9.844957,9.883265,9.844957,notap
324,9.844957,9.883265,9.844957,9.883265,9.844957,9.883265,9.844957,9.883265,9.844957,9.883265,9.844957,9.883265,9.844957,9.883265,9.844957,9.883265,9.844957,9.883265,9.844957,9.883265,notap
325,9.883265,9.844957,9.883265,9.844957,9.883265,9.844957,9.883265,9.844957,9.883265,9.844957,9.883265,9.844957,9.883265,9.844957,9.883265,9.844957,9.883265,9.844957,9.883265,9.844957,notap
326,9.844957,9.883265,9.844957,9.883265,9.844957,9.883265,9.844957,9.883265,9.844957,9.883265,9.844957,9.883265,9.844957,9.883265,9.844957,9.883265,9.844957,9.883265,9.844957,9.883265,notap
327,9.883265,9.844957,9.883265,9.844957,9.883265,9.844957,9.883265,9.844957,9.883265,9.844957,9.883265,9.844957,9.883265,9.844957,9.883265,9.844957,9.883265,9.844957,9.883265,9.883265,notap
328,9.844957,9.883265,9.844957,9.883265,9.844957,9.883265,9.844957,9.883265,9.844957,9.883265,9.844957,9.883265,9.844957,9.883265,9.844957,9.883265,9.844957,9.883265,9.883265,9.844957,notap
329,9.883265,9.844957,9.883265,9.844957,9.883265,9.844957,9.883265,9.844957,9.883265,9.844957,9.883265,9.844957,9.883265,9.844957,9.883265,9.844957,9.883265,9.883265,9.844957,9.921572,notap
330,9.844957,9.883265,9.844957,9.883265,9.844957,9.883265,9.844957,9.883265,9.844957,9.883265,9.844957,9.883265,9.844957,9.883265,9.844957,9.883265,9.883265,9.844957,9.921572,9.883265,notap
331,9.883265,9.844957,9.883265,9.844957,9.883265,9.844957,9.883265,9.844957,9.883265,9.844957,9.883265,9.844957,9.883265,9.844957,9.883265,9.883265,9.844957,9.921572,9.883265,9.921572,notap
332,9.844957,9.883265,9.844957,9.883265,9.844957,9.883265,9.844957,9.883265,9.844957,9.883265,9.844957,9.883265,9.844957,9.883265,9.883265,9.844957,9.921572,9.883265,9.921572,9.883265,notap
333,9.883265,9.844957,9.883265,9.844957,9.883265,9.844957,9.883265,9.844957,9.883265,9.844957,9.883265,9.844957,9.883265,9.883265,9.844957,9.921572,9.883265,9.921572,9.883265,9.844957,notap
334,9.844957,9.883265,9.844957,9.883265,9.844957,9.883265,9.844957,9.883265,9.844957,9.883265,9.844957,9.883265,9.883265,9.844957,9.921572,9.883265,9.921572,9.883265,9.844957,9.883265,notap
335,9.883265,9.844957,9.883265,9.844957,9.883265,9.844957,9.883265,9.844957,9.883265,9.844957,9.883265,9.883265,9.844957,9.921572,9.883265,9.921572,9.883265,9.844957,9.883265,9.346964,notap
336,9.844957,9.883265,9.844957,9.883265,9.844957,9.883265,9.844957,9.883265,9.844957,9.883265,9.883265,9.844957,9.921572,9.883265,9.921572,9.883265,9.844957,9.883265,9.346964,10.342952,notap
337,9.883265,9.844957,9.883265,9.844957,9.883265,9.844957,9.883265,9.844957,9.883265,9.883265,9.844957,9.921572,9.883265,9.921572,9.883265,9.844957,9.883265,9.346964,10.342952,10.342952,notap
338,9.844957,9.883265,9.844957,9.883265,9.844957,9.883265,9.844957,9.883265,9.883265,9.844957,9.921572,9.883265,9.921572,9.883265,9.844957,9.883265,9.346964,10.342952,10.342952,9.80665,notap
339,9.883265,9.844957,9.883265,9.844957,9.883265,9.844957,9.883265,9.883265,9.844957,9.921572,9.883265,9.921572,9.883265,9.844957,9.883265,9.346964,10.342952,10.342952,9.80665,9.730036,notap
340,9.844957,9.883265,9.844957,9.883265,9.844957,9.883265,9.883265,9.844957,9.921572,9.883265,9.921572,9.883265,9.844957,9.883265,9.346964,10.342952,10.342952,9.80665,9.730036,9.998186,notap
341,9.883265,9.844957,9.883265,9.844957,9.883265,9.883265,9.844957,9.921572,9.883265,9.921572,9.883265,9.844957,9.883265,9.346964,10.342952,10.342952,9.80665,9.730036,9.998186,9.998186,notap
342,9.844957,9.883265,9.844957,9.883265,9.883265,9.844957,9.921572,9.883265,9.921572,9.883265,9.844957,9.883265,9.346964,10.342952,10.342952,9.80665,9.730036,9.998186,9.998186,9.998186,notap
343,9.883265,9.844957,9.883265,9.883265,9.844957,9.921572,9.883265,9.921572,9.883265,9.844957,9.883265,9.346964,10.342952,10.342952,9.80665,9.730036,9.998186,9.998186,9.998186,9.998186,notap
